datetime,temperature,precipitation,wind_speed,humidity,radiation,total_cloudiness,visibility,ground_temp
2020-07-01 0:00,19.6,,1,99,,,2000,21
2020-07-01 1:00,19.4,0,1.3,99,,4,2000,20.8
2020-07-01 2:00,19.2,0,1.7,99,,9,2000,20.3
2020-07-01 3:00,18.4,0,1.5,99,,10,1774,19.9
2020-07-01 4:00,18.4,0.1,1.3,99,,10,1978,19.9
2020-07-01 5:00,18.6,0,1.1,99,,8,2000,19.8
2020-07-01 6:00,18.6,,1.6,99,0,3,2000,19.8
2020-07-01 7:00,18.9,,1.3,99,0,5,2000,20.4
2020-07-01 8:00,20.5,,1.2,88,0.3,8,2000,22.4
2020-07-01 9:00,21.7,,1.3,86,0.5,9,2000,25.9
2020-07-01 10:00,21.9,,1.8,82,0.3,9,2000,26.4
2020-07-01 11:00,22.3,,1.5,75,0.1,10,2000,26.3
2020-07-01 12:00,23.1,,1.2,73,0,9,2000,28.6
2020-07-01 13:00,25,,1.1,70,0.2,10,2000,34.8
2020-07-01 14:00,25.2,,2,64,0.6,8,2000,33.5
2020-07-01 15:00,24.6,,1.2,73,0,9,2000,28.8
2020-07-01 16:00,24.1,,0.8,75,0,9,2000,26.7
2020-07-01 17:00,24.6,,1.1,76,0,9,2000,27.4
2020-07-01 18:00,24,,1,76,0,9,2000,25.3
2020-07-01 19:00,23.3,,0.7,86,0,10,2000,24.2
2020-07-01 20:00,22.7,,0.7,83,0,10,2000,22.9
2020-07-01 21:00,21.3,,0.7,98,,6,2000,21.7
2020-07-01 22:00,20.1,,0.5,99,,7,1978,20.6
2020-07-01 23:00,19.4,,0.9,99,,3,1834,19.9
2020-07-02 0:00,19,,0.5,99,,,1629,19.3
2020-07-02 1:00,18.2,,0.2,99,,1,1295,18.8
2020-07-02 2:00,17.8,,0,99,,5,820,18.5
2020-07-02 3:00,18,,0.3,99,,6,1333,18.3
2020-07-02 4:00,17.7,,0.6,99,,8,784,18.3
2020-07-02 5:00,17.6,,0.4,99,,6,657,18.1
2020-07-02 6:00,17.5,,0.6,99,0,5,618,18.3
2020-07-02 7:00,18.8,,0.2,99,0.2,5,913,20.4
2020-07-02 8:00,21,,0.3,98,0.8,4,1088,22.4
2020-07-02 9:00,22.1,,0.6,91,1,8,1063,27.1
2020-07-02 10:00,24.4,,0.4,85,0.7,8,1159,30.4
2020-07-02 11:00,25.6,,0.6,68,1,0,1509,35.5
2020-07-02 12:00,27,,1.2,61,1,3,1984,38.2
2020-07-02 13:00,28.3,,0.9,60,0.8,5,1965,38.5
2020-07-02 14:00,28.9,,0.9,59,0.9,7,1927,40.9
2020-07-02 15:00,28,,1.3,59,0.7,5,1933,38
2020-07-02 16:00,27.8,,1,58,0.3,9,1997,33.6
2020-07-02 17:00,27.6,,0.8,58,0,10,2000,31.6
2020-07-02 18:00,27.1,,1.2,63,0,10,1998,29.9
2020-07-02 19:00,26,,0.6,70,0,10,1962,27.7
2020-07-02 20:00,25.2,,0.6,77,0,7,1823,25.7
2020-07-02 21:00,24.5,,0.8,81,,7,1697,24.2
2020-07-02 22:00,24.1,,0.9,82,,9,1575,23.6
2020-07-02 23:00,23.6,,1.3,85,,10,1369,23.1
2020-07-03 0:00,23,,0.5,82,,,2000,22.5
2020-07-03 1:00,21.1,,0.5,98,,9,1477,21.9
2020-07-03 2:00,20.7,,0.8,99,,9,1598,21.4
2020-07-03 3:00,20,,1.1,99,,10,1993,20.8
2020-07-03 4:00,19.7,,0.5,99,,9,2000,20.3
2020-07-03 5:00,19.3,,0.7,99,,10,2000,20.2
2020-07-03 6:00,19.3,,0.5,99,0,10,2000,20.4
2020-07-03 7:00,20.4,,0.2,94,0,10,2000,21
2020-07-03 8:00,21.2,,0.6,88,0,10,2000,22.5
2020-07-03 9:00,21.2,,0.8,83,0,10,2000,23.5
2020-07-03 10:00,21.9,,0.6,79,0,10,2000,25.2
2020-07-03 11:00,22.2,0,1.4,78,0,10,2000,25
2020-07-03 12:00,22.5,0,2.2,79,0,10,1964,25.3
2020-07-03 13:00,23.1,0,1.4,76,0,10,2000,26.5
2020-07-03 14:00,23.4,0,1.7,76,0,10,2000,26.6
2020-07-03 15:00,23.5,0,1.9,75,0,10,2000,27
2020-07-03 16:00,22.9,,2.8,76,0,10,2000,26.4
2020-07-03 17:00,22.7,,1.7,69,0,10,2000,24.7
2020-07-03 18:00,22.3,,1.5,72,0,10,2000,23.8
2020-07-03 19:00,21.5,0,1.1,80,0,10,2000,22.7
2020-07-03 20:00,20.9,0,1,87,0,10,2000,21.8
2020-07-03 21:00,19.2,0.4,0.6,99,,10,1491,21.1
2020-07-03 22:00,18.5,1.7,0.6,99,,10,565,20.6
2020-07-03 23:00,18.2,2.6,0.9,99,,10,577,20.3
2020-07-04 0:00,18.1,1.9,0.4,99,,,1405,20.2
2020-07-04 1:00,18.1,0,0.3,99,,8,1542,20.2
2020-07-04 2:00,18,,0.6,99,,6,1623,20.1
2020-07-04 3:00,18,,0.6,99,,9,1209,20
2020-07-04 4:00,18.2,,0.8,99,,9,1600,20
2020-07-04 5:00,18.1,,0.8,99,,9,1285,20
2020-07-04 6:00,18.1,,0.7,99,0,7,1425,20.2
2020-07-04 7:00,18.6,,0.6,99,0,5,1932,21.2
2020-07-04 8:00,18.9,0,0.1,99,0,7,1868,22.1
2020-07-04 9:00,19.6,,0.3,99,0,10,2000,23.7
2020-07-04 10:00,21,,0.5,92,0.1,10,2000,28.3
2020-07-04 11:00,22.7,,0.8,82,0,10,2000,29.1
2020-07-04 12:00,25,,0.5,73,0.2,10,2000,33.9
2020-07-04 13:00,23.7,,0.8,74,0.4,10,2000,31.9
2020-07-04 14:00,24.1,,1.1,70,0.2,9,2000,31.1
2020-07-04 15:00,24.7,,0.7,73,0.5,8,2000,32.4
2020-07-04 16:00,24.8,,1,70,0,8,2000,30.1
2020-07-04 17:00,24.3,,1,76,0,10,2000,27.6
2020-07-04 18:00,24.4,,0.7,78,0,9,2000,27
2020-07-04 19:00,23.6,,0.3,82,0,9,2000,25
2020-07-04 20:00,22.7,,0.3,86,0,6,2000,23.2
2020-07-04 21:00,21.7,,0.6,98,,7,2000,22.7
2020-07-04 22:00,21.5,,0.4,98,,10,2000,22.3
2020-07-04 23:00,21.2,,0.4,98,,10,2000,22
2020-07-05 0:00,20.6,,0.9,99,,,2000,21.6
2020-07-05 1:00,20.4,,0.3,99,,5,2000,21.5
2020-07-05 2:00,20.3,,0.6,99,,8,2000,21.3
2020-07-05 3:00,20,,0.5,99,,8,2000,21.1
2020-07-05 4:00,20,,0.3,99,,8,1967,20.9
2020-07-05 5:00,19.1,,0.6,99,,7,1961,20.2
2020-07-05 6:00,19.1,,0.5,99,0,8,1994,20.1
2020-07-05 7:00,19.9,,0.4,99,0.1,9,1133,21.8
2020-07-05 8:00,21.5,,0.6,98,0.3,8,2000,24.1
2020-07-05 9:00,22.9,,1,92,0.1,10,2000,26.5
2020-07-05 10:00,23.4,,0.6,85,0.1,9,2000,28.5
2020-07-05 11:00,24.1,,0.4,79,0,10,2000,31.2
2020-07-05 12:00,24.8,,1.3,79,0,9,2000,30.8
2020-07-05 13:00,25.8,,0.8,72,0.2,9,2000,31.4
2020-07-05 14:00,25.4,,0.8,74,0,9,2000,30.2
2020-07-05 15:00,26,,0.8,69,0,9,2000,31.4
2020-07-05 16:00,26.3,,0.6,73,0,10,2000,31.3
2020-07-05 17:00,27.3,,0.8,68,0.1,8,2000,31.9
2020-07-05 18:00,25.9,,0.7,72,0.5,8,2000,29.1
2020-07-05 19:00,24.6,,0.2,86,0,6,2000,26.4
2020-07-05 20:00,23.1,,0.6,97,0,4,2000,24
2020-07-05 21:00,22.3,,0.5,99,,8,2000,23.1
2020-07-05 22:00,21.3,,1,99,,2,1948,22
2020-07-05 23:00,20.8,,0.9,99,,2,1245,21.3
2020-07-06 0:00,20.4,,0.9,99,,,875,20.9
2020-07-06 1:00,20.2,,0.8,99,,8,773,20.7
2020-07-06 2:00,19.7,,0.9,99,,6,608,20.3
2020-07-06 3:00,19.6,,0.5,99,,8,661,20.1
2020-07-06 4:00,19.2,,0.8,99,,6,539,19.7
2020-07-06 5:00,19,,0.7,99,,8,486,19.5
2020-07-06 6:00,19.2,,0.5,99,0,8,620,20.1
2020-07-06 7:00,20.2,,0.4,99,0,10,798,22.1
2020-07-06 8:00,20.7,,0.8,99,0,10,697,22.4
2020-07-06 9:00,20.9,,0.8,99,0,10,565,22.8
2020-07-06 10:00,22.4,,0.9,99,0,10,621,26.4
2020-07-06 11:00,25,,1,90,0.6,8,824,30.4
2020-07-06 12:00,25.8,,1,77,0.7,7,1611,33.2
2020-07-06 13:00,26.9,,0.9,75,0.6,8,1970,36.3
2020-07-06 14:00,27.4,,1,77,0,7,1944,33.6
2020-07-06 15:00,27,,0.9,77,0.4,8,2000,34.1
2020-07-06 16:00,26.7,0,1.1,82,0,10,2000,31.5
2020-07-06 17:00,26.3,,0.8,85,0,10,2000,29.8
2020-07-06 18:00,26,,1.7,86,0,10,2000,27.8
2020-07-06 19:00,25.1,0,1.3,93,0,10,1951,26.4
2020-07-06 20:00,23.6,1.5,0.9,99,0,10,305,24.8
2020-07-06 21:00,23.2,2.3,1,99,,10,683,24.6
2020-07-06 22:00,22.5,4.5,0.6,99,,,1846,24.1
2020-07-06 23:00,22.4,0,0.7,99,,,2000,24
2020-07-07 0:00,22.1,,0.9,99,,,2000,23.1
2020-07-07 1:00,21.9,,0.3,99,,6,1858,23.1
2020-07-07 2:00,21.9,,0.5,99,,9,957,23.3
2020-07-07 3:00,21.7,,0.6,99,,4,873,22.6
2020-07-07 4:00,21.6,,0.1,99,,10,1120,22.6
2020-07-07 5:00,21.5,,0.4,99,,8,1024,22.4
2020-07-07 6:00,21.5,,0.1,99,0,1,488,22.3
2020-07-07 7:00,22.4,,0.2,99,0,0,845,24.3
2020-07-07 8:00,23.8,,0.7,99,0.4,4,1282,25.7
2020-07-07 9:00,25.6,,0.3,92,1,6,2000,30.2
2020-07-07 10:00,26.4,,1.2,89,0.6,6,2000,32.6
2020-07-07 11:00,28.1,,0.9,78,0.6,7,1445,35.9
2020-07-07 12:00,29,,1.2,76,0.8,7,1997,37.3
2020-07-07 13:00,29,,1.8,67,0.7,8,2000,37.1
2020-07-07 14:00,28.8,,1.7,72,0.8,7,1960,35.2
2020-07-07 15:00,30.2,,1.5,66,0.5,6,1913,36
2020-07-07 16:00,30.1,,1.7,68,0.5,5,1970,35
2020-07-07 17:00,29.1,,2.1,72,0.4,2,1744,32.1
2020-07-07 18:00,28,,1.3,76,0.8,2,1789,30
2020-07-07 19:00,27.2,,1.3,77,0.7,1,1924,27.3
2020-07-07 20:00,25.4,,1.3,89,0,4,1636,25.3
2020-07-07 21:00,24.4,,1.8,96,,1,1430,24
2020-07-07 22:00,23.4,,0.6,99,,6,1212,23.5
2020-07-07 23:00,22.6,,0.7,99,,2,1014,22.9
2020-07-08 0:00,23.3,,0.8,99,,,1042,23.5
2020-07-08 1:00,23.6,,1.4,98,,2,756,22.9
2020-07-08 2:00,22.6,,0.9,99,,3,636,22.2
2020-07-08 3:00,21.8,,0.5,99,,5,599,21.7
2020-07-08 4:00,21.5,,0.4,99,,3,508,21.1
2020-07-08 5:00,21.7,,1.1,99,,2,634,20.7
2020-07-08 6:00,21.9,,1.1,98,0,1,875,20.9
2020-07-08 7:00,23,,1.5,94,0.8,0,956,22.8
2020-07-08 8:00,24.4,,1.5,85,1,0,1305,24
2020-07-08 9:00,25.6,,1.3,78,1,0,1648,29.7
2020-07-08 10:00,27.1,,0.8,72,1,0,1857,34
2020-07-08 11:00,28.5,,1.1,66,1,2,1850,39.3
2020-07-08 12:00,28.5,,0.7,53,1,3,2000,43.9
2020-07-08 13:00,29.4,,1.2,56,1,,2000,47.1
2020-07-08 14:00,29.5,,1.4,58,1,6,2000,46.5
2020-07-08 15:00,29.3,,1.4,55,0.9,7,2000,43.4
2020-07-08 16:00,29.9,,1.3,55,0.9,6,2000,43.7
2020-07-08 17:00,29.8,,1.1,55,0.9,8,2000,39.4
2020-07-08 18:00,28.9,,1,71,0.1,8,2000,34.9
2020-07-08 19:00,27.7,,0.5,75,0.2,7,2000,31.4
2020-07-08 20:00,26.8,,0.4,77,0,8,1976,28.8
2020-07-08 21:00,26.6,,0.6,79,,5,1382,27.4
2020-07-08 22:00,26.1,,1,79,,8,1331,26.3
2020-07-08 23:00,25.7,,1.1,82,,8,1266,25.7
2020-07-09 0:00,25.3,,1.9,83,,,1054,25.2
2020-07-09 1:00,25,,1.8,82,,9,1091,24.7
2020-07-09 2:00,23.5,,0.4,95,,10,984,24.5
2020-07-09 3:00,23,,1,98,,8,836,23.7
2020-07-09 4:00,22.4,,0.5,99,,4,871,22.6
2020-07-09 5:00,21.1,,0.8,99,,1,606,22
2020-07-09 6:00,20.9,,1,99,0,0,532,21.8
2020-07-09 7:00,22.5,,1.1,99,0,0,420,23.4
2020-07-09 8:00,23.4,,1,96,0,0,401,25.5
2020-07-09 9:00,25.3,,2.1,82,0.7,2,550,31.2
2020-07-09 10:00,27,,1.8,72,1,7,766,37.7
2020-07-09 11:00,26.1,,2.4,73,0.7,7,796,40.1
2020-07-09 12:00,27.6,,1.5,69,0.9,4,952,44
2020-07-09 13:00,28.6,,1.9,67,1,6,951,45.8
2020-07-09 14:00,29.3,,1.4,64,1,6,1055,45.5
2020-07-09 15:00,29.8,,1.8,62,1,6,1132,47.7
2020-07-09 16:00,29.7,,1.7,63,0.9,5,1155,42.9
2020-07-09 17:00,29.1,,1.2,68,0.4,5,944,37.6
2020-07-09 18:00,28.8,,1.4,69,0.9,7,1042,35.9
2020-07-09 19:00,26.9,,1.7,75,0.1,6,1576,31.4
2020-07-09 20:00,26.7,,1.8,77,0,8,1759,29.4
2020-07-09 21:00,25.3,0,1.2,86,,8,1286,28.1
2020-07-09 22:00,24.5,0,0.7,92,,9,1273,26.8
2020-07-09 23:00,24.4,,1.5,89,,9,948,26.6
2020-07-10 0:00,23.6,0,1.2,94,,,618,25.9
2020-07-10 1:00,23.5,0,1.4,93,,6,923,25.4
2020-07-10 2:00,23.5,,1.3,94,,6,1327,25.3
2020-07-10 3:00,23.2,,1.3,96,,10,1652,25
2020-07-10 4:00,22.5,0,0.5,99,,10,857,24.4
2020-07-10 5:00,21.5,3.1,0.6,99,,10,199,23.2
2020-07-10 6:00,20.9,30.2,0,99,0,10,313,22.3
2020-07-10 7:00,21.2,6.5,0.1,99,0,10,199,22.4
2020-07-10 8:00,21.5,4.5,0.3,99,0,10,597,22.6
2020-07-10 9:00,21.6,4.4,0.6,99,0,10,498,23
2020-07-10 10:00,21.7,3.1,1.2,99,0,10,314,23.1
2020-07-10 11:00,23.4,2.2,0.3,99,0,10,2000,27.4
2020-07-10 12:00,23.5,,0.9,99,0,10,2000,27.4
2020-07-10 13:00,24.4,,0.1,99,0,,2000,27.6
2020-07-10 14:00,24.4,0,1.1,99,0,8,1585,27.6
2020-07-10 15:00,25.1,0,0.4,96,0.2,3,2000,33.7
2020-07-10 16:00,26.4,,1.2,92,0.3,,2000,32.5
2020-07-10 17:00,26.8,,1.1,89,0.4,,2000,31.8
2020-07-10 18:00,27.3,,0.6,83,1,,2000,30.5
2020-07-10 19:00,25.9,,0.6,97,0.8,,2000,26.8
2020-07-10 20:00,24.4,,0.6,99,0,,2000,25.1
2020-07-10 21:00,23.8,,0.5,99,,,2000,24.7
2020-07-10 22:00,23.9,,0.1,99,,,2000,24.6
2020-07-10 23:00,23.2,,0.5,99,,,2000,23.8
2020-07-11 0:00,23,,0.6,99,,,2000,23.8
2020-07-11 1:00,22.9,,0.3,99,,,2000,23.5
2020-07-11 2:00,22.7,,0.5,99,,,1992,23.3
2020-07-11 3:00,22.6,,0.6,99,,,1875,23.2
2020-07-11 4:00,22.6,,0.1,99,,,1977,23.1
2020-07-11 5:00,23,,0.2,99,,,2000,23.2
2020-07-11 6:00,22.9,,0.2,99,0,,1969,23.6
2020-07-11 7:00,23.8,,0.1,99,0,,2000,24.9
2020-07-11 8:00,26.2,,0.2,98,0.6,,1975,27
2020-07-11 9:00,27.7,,1,84,1,,1943,31.1
2020-07-11 10:00,28.3,,1.4,75,1,,1968,35.7
2020-07-11 11:00,28.6,,1.5,73,0.8,,1865,36.4
2020-07-11 12:00,30.1,,1.5,68,1,,2000,38.3
2020-07-11 13:00,30.3,,1.6,64,0.9,,2000,37.9
2020-07-11 14:00,30.4,,0.9,63,0.6,,2000,37.2
2020-07-11 15:00,30.1,,0.7,63,0.5,,2000,36.6
2020-07-11 16:00,30,,0.8,62,0.4,,2000,34.5
2020-07-11 17:00,29.9,,1.2,69,0.3,,2000,34
2020-07-11 18:00,28.2,,1.1,71,0.2,,2000,30.3
2020-07-11 19:00,27.2,,1.6,80,0,,1993,28.5
2020-07-11 20:00,26,,1.6,85,0,,1771,26.8
2020-07-11 21:00,24.8,,1.3,82,,,2000,25.4
2020-07-11 22:00,24.2,,1.9,81,,,2000,24.7
2020-07-11 23:00,23.8,,1,84,,,2000,24.3
2020-07-12 0:00,23.3,,1.3,85,,,2000,23.4
2020-07-12 1:00,23,,0.9,88,,,1967,23.2
2020-07-12 2:00,22.1,,1,92,,,1958,22.3
2020-07-12 3:00,22.2,,0.7,92,,,1935,22.1
2020-07-12 4:00,21.8,,0.5,93,,,2000,22.1
2020-07-12 5:00,21.4,,0.9,97,,,2000,22.3
2020-07-12 6:00,21.5,,0.5,96,0,,2000,22.5
2020-07-12 7:00,21.5,,0.8,94,0,,2000,22.9
2020-07-12 8:00,21.7,,0.5,94,0,,2000,23
2020-07-12 9:00,22,,0.6,92,0,,2000,23.7
2020-07-12 10:00,22,,1,92,0,,2000,24.2
2020-07-12 11:00,22.4,,0.6,92,0,,2000,24.7
2020-07-12 12:00,22.3,,0.7,90,0,,2000,24.9
2020-07-12 13:00,22.2,0,0.7,93,0,,2000,25.1
2020-07-12 14:00,21.6,0.1,0.9,98,0,,1636,24.6
2020-07-12 15:00,21.6,0.5,0.7,99,0,,1266,25.5
2020-07-12 16:00,20.8,0.5,1.1,99,0,,874,23.7
2020-07-12 17:00,20.8,0.1,1.5,99,0,,704,23
2020-07-12 18:00,20.2,0.2,2.1,99,0,,708,22.3
2020-07-12 19:00,19.9,1.1,1.8,99,0,,457,21.8
2020-07-12 20:00,19.3,3.8,1.4,99,0,,217,21.2
2020-07-12 21:00,18.9,8.5,0.7,99,,,141,20.5
2020-07-12 22:00,18.6,10.4,1.4,99,,,177,20.1
2020-07-12 23:00,18.6,7.1,1.3,99,,,366,19.9
2020-07-13 0:00,18.4,8.3,0.9,99,,,336,19.9
2020-07-13 1:00,18.3,3.8,0.8,99,,,681,20
2020-07-13 2:00,18.2,3,0.7,99,,,554,20
2020-07-13 3:00,17.9,2.8,1.1,99,,,733,19.9
2020-07-13 4:00,17.9,5.3,0.8,99,,,218,19.7
2020-07-13 5:00,17.9,7.7,0.5,99,,,599,19.7
2020-07-13 6:00,17.7,9.5,1,99,0,,247,19.5
2020-07-13 7:00,17.8,9.3,1.2,99,0,,330,19.4
2020-07-13 8:00,17.8,10.5,0.5,99,0,,189,19.2
2020-07-13 9:00,17.9,7.6,0.9,99,0,,235,19.2
2020-07-13 10:00,18,8.5,0,99,0,,423,19.6
2020-07-13 11:00,18.3,6.7,0.8,99,0,,616,20.6
2020-07-13 12:00,18.7,4.4,0.4,99,0,,290,22.1
2020-07-13 13:00,18.9,2.6,0.2,99,0,,324,23
2020-07-13 14:00,19.3,3.3,0.3,99,0,,527,23.5
2020-07-13 15:00,20.1,0,0.2,99,0,10,1949,23.6
2020-07-13 16:00,19.9,0,0.8,99,0,9,2000,22.8
2020-07-13 17:00,20.2,,0.1,99,0,6,2000,22.6
2020-07-13 18:00,19.9,,0.2,99,0,8,1099,22.2
2020-07-13 19:00,19.6,0,0.4,99,0,4,1805,21.5
2020-07-13 20:00,19.5,0,0.2,99,0,,1990,21.2
2020-07-13 21:00,18.9,0.2,0.6,99,,,758,20.8
2020-07-13 22:00,19,0.2,0,99,,,1354,20.8
2020-07-13 23:00,18.9,0,0.1,99,,10,580,20.6
2020-07-14 0:00,18.9,0.2,0,99,,6,545,20.6
2020-07-14 1:00,18.6,0.5,0.8,99,,10,370,20.5
2020-07-14 2:00,18.7,0.6,0.8,99,,10,298,20.4
2020-07-14 3:00,18.7,1.2,0.2,99,,3,249,20.3
2020-07-14 4:00,18.6,1.4,0.6,99,,1,260,20.3
2020-07-14 5:00,18.6,1.2,0.9,99,,2,226,20.2
2020-07-14 6:00,18.6,1.3,1,99,0,4,329,20.1
2020-07-14 7:00,18.7,1.7,0.7,99,0,4,214,20.6
2020-07-14 8:00,18.9,1.1,0.5,99,0,4,365,21.7
2020-07-14 9:00,19.3,0.3,0.6,99,0,4,1291,23.2
2020-07-14 10:00,19.9,0.2,0.2,99,0,4,1735,25.3
2020-07-14 11:00,20.7,,0.8,98,0,10,2000,26.4
2020-07-14 12:00,21.2,,1.2,96,0,,2000,26.1
2020-07-14 13:00,21.8,,1.4,88,0,,2000,26.3
2020-07-14 14:00,20.3,0,0.7,99,0,10,1143,24.7
2020-07-14 15:00,20.2,0.1,0.7,99,0,10,2000,24.8
2020-07-14 16:00,19.8,0,0.6,99,0,10,1063,24
2020-07-14 17:00,20.6,0.1,0.7,99,0,10,2000,24.3
2020-07-14 18:00,20.7,,0.5,99,0,8,2000,23.8
2020-07-14 19:00,20.3,,0.1,99,0,10,2000,22.7
2020-07-14 20:00,19.9,,0.5,99,0,10,2000,21.8
2020-07-14 21:00,19.6,0,0.3,99,,10,2000,21.4
2020-07-14 22:00,19.5,,0.2,99,,10,2000,21.2
2020-07-14 23:00,19.7,0,0.7,99,,10,1831,21.1
2020-07-15 0:00,19.4,0.2,0.1,99,,10,681,21
2020-07-15 1:00,19.1,0.8,0.3,99,,10,723,20.8
2020-07-15 2:00,18.9,0.5,0.9,99,,10,1366,20.4
2020-07-15 3:00,18.6,0,0.1,99,,2,2000,20.3
2020-07-15 4:00,18.5,0.1,0.1,99,,5,556,20.4
2020-07-15 5:00,18.4,0,1.1,99,,0,1871,20.1
2020-07-15 6:00,18.3,0,0.3,99,0,0,902,20
2020-07-15 7:00,18.6,0,0.1,99,0,10,1999,20.8
2020-07-15 8:00,18.8,0.2,0.2,99,0,10,1883,21.6
2020-07-15 9:00,19.1,0,0.3,99,0,10,682,23.3
2020-07-15 10:00,19.1,0.1,1.1,99,0,10,527,23.6
2020-07-15 11:00,19.2,0.3,1.3,99,0,10,470,24.2
2020-07-15 12:00,20.3,0.4,1.3,99,0,10,1164,27.1
2020-07-15 13:00,21.5,,1.1,92,0,10,2000,30.2
2020-07-15 14:00,21.5,,1.5,92,0,10,2000,28.8
2020-07-15 15:00,21.9,,1.3,88,0,10,2000,28.4
2020-07-15 16:00,21.9,,1.8,88,0,10,2000,26.4
2020-07-15 17:00,21.9,,0.6,89,0,10,2000,25.5
2020-07-15 18:00,21.7,,0.6,92,0,10,2000,24
2020-07-15 19:00,21.2,,0.1,99,0,5,2000,23.1
2020-07-15 20:00,20.8,,0.4,98,0,4,2000,22
2020-07-15 21:00,20.1,,0.5,97,,4,2000,20.6
2020-07-15 22:00,19.5,,0.9,98,,5,2000,19.5
2020-07-15 23:00,18.5,,0.6,99,,8,1963,19.6
2020-07-16 0:00,17.9,,0.4,99,,7,1479,19
2020-07-16 1:00,18.4,,0.1,99,,9,1624,19.7
2020-07-16 2:00,18.5,,0.3,99,,8,1896,20
2020-07-16 3:00,18.6,,0.1,99,,8,1881,20.2
2020-07-16 4:00,18.5,,0.1,99,,8,1654,20.1
2020-07-16 5:00,18.4,,0.1,99,,8,1595,19.8
2020-07-16 6:00,18.6,,0,99,0,9,1829,20.2
2020-07-16 7:00,19.5,,0,99,0,5,1996,21.5
2020-07-16 8:00,20.3,,0,95,0,2,2000,23.5
2020-07-16 9:00,22.5,,0.6,88,0.7,9,2000,26.8
2020-07-16 10:00,23.4,,0.3,83,0.8,8,2000,30.7
2020-07-16 11:00,23.6,,0.4,82,0.4,6,2000,30.7
2020-07-16 12:00,24.2,,0.7,75,0.5,4,2000,29.9
2020-07-16 13:00,25.3,,0.8,70,0.9,0,2000,34.9
2020-07-16 14:00,27.6,,1.2,61,1,1,2000,38.1
2020-07-16 15:00,27.4,,1.6,57,1,0,2000,38.5
2020-07-16 16:00,28.1,,0.6,59,1,0,2000,38.1
2020-07-16 17:00,27.7,,0.8,59,0.9,0,2000,36.3
2020-07-16 18:00,27.2,,0.9,62,1,0,2000,32.2
2020-07-16 19:00,24.8,,0.8,81,0.7,0,2000,27.6
2020-07-16 20:00,23.1,,0.7,93,0,4,1998,24.9
2020-07-16 21:00,22.3,,0.5,97,,2,2000,23.3
2020-07-16 22:00,21.4,,1,99,,2,2000,22.2
2020-07-16 23:00,20.7,,0.9,99,,1,1987,21.5
2020-07-17 0:00,20.2,,1,99,,2,1983,20.9
2020-07-17 1:00,19.4,,1.1,99,,5,1758,20.3
2020-07-17 2:00,19,,0.7,99,,4,1924,19.8
2020-07-17 3:00,18.6,,0.9,99,,3,1840,19.9
2020-07-17 4:00,18.6,,0.6,99,,3,1863,19.8
2020-07-17 5:00,17.8,,0.9,99,,4,1360,18.9
2020-07-17 6:00,18,,0.5,99,0,5,1279,19.6
2020-07-17 7:00,19.6,,0.1,99,0.1,0,1573,21.7
2020-07-17 8:00,20.4,,0.3,97,0.2,0,1380,23.6
2020-07-17 9:00,23.1,,0.6,85,0.9,4,1298,28.4
2020-07-17 10:00,24.9,,0.9,74,1,2,1287,33.5
2020-07-17 11:00,24.9,,0.8,70,1,3,1530,37.7
2020-07-17 12:00,26.8,,0.9,63,1,2,2000,41.8
2020-07-17 13:00,28.4,,1.8,59,1,1,2000,44.3
2020-07-17 14:00,29.2,,1.3,56,1,0,2000,45.4
2020-07-17 15:00,28.8,,1.3,56,1,0,2000,45.2
2020-07-17 16:00,29.6,,0.6,54,1,0,2000,43.8
2020-07-17 17:00,29.3,,0.6,52,0.9,0,2000,40.6
2020-07-17 18:00,28.6,,0.6,56,1,0,2000,36
2020-07-17 19:00,27,,0.7,72,0.7,0,2000,31.5
2020-07-17 20:00,26.1,,1.2,70,0,2,2000,27.9
2020-07-17 21:00,25.4,,1.6,69,,1,2000,26
2020-07-17 22:00,23.6,,1.1,81,,3,2000,24.7
2020-07-17 23:00,23.6,,1.5,67,,3,2000,23.4
2020-07-18 0:00,22.7,,1.1,68,,3,2000,22.4
2020-07-18 1:00,19.8,,0.8,99,,5,1994,21.7
2020-07-18 2:00,19,,0.8,99,,3,1975,20.8
2020-07-18 3:00,18.1,,0.6,99,,4,1957,20
2020-07-18 4:00,17.8,,0.9,99,,0,1710,19.4
2020-07-18 5:00,17.5,,1,99,,7,1532,18.9
2020-07-18 6:00,17.8,,0.8,99,0,5,1451,19.5
2020-07-18 7:00,19.2,,0.7,99,0,7,1680,22.3
2020-07-18 8:00,20.6,,0.4,94,0,8,1284,25.2
2020-07-18 9:00,22.1,,0.5,92,0,8,1087,26.8
2020-07-18 10:00,22.6,,0.7,87,0,8,1411,28.9
2020-07-18 11:00,23.3,,1.1,85,0.3,9,1397,32.1
2020-07-18 12:00,24,,1.1,76,0.5,8,1449,36.1
2020-07-18 13:00,25.3,,1.2,71,0.4,9,1934,38.2
2020-07-18 14:00,24.6,,1.5,71,0.2,10,1879,34.4
2020-07-18 15:00,25.5,,1.9,62,0.3,9,2000,36.5
2020-07-18 16:00,26.7,,1.1,60,0.8,5,1989,39.8
2020-07-18 17:00,26.3,,1.8,65,0.9,0,1946,37.5
2020-07-18 18:00,26,,1.2,69,1,0,1981,33.2
2020-07-18 19:00,24.8,,0.4,77,0.7,0,1883,28.5
2020-07-18 20:00,23.6,,0.3,86,0,3,1741,25.8
2020-07-18 21:00,21.9,,0.8,96,,2,1642,24.1
2020-07-18 22:00,22.5,,0.5,90,,3,1834,23.2
2020-07-18 23:00,23.2,,0.7,88,,8,1774,23.2
2020-07-19 0:00,22.9,,1.5,92,,5,1658,23.2
2020-07-19 1:00,22.7,,1.6,93,,7,1857,23.3
2020-07-19 2:00,22.5,,1.8,94,,9,1985,23
2020-07-19 3:00,22.1,,2.3,96,,9,1795,23
2020-07-19 4:00,22.2,,2.1,95,,10,1587,22.9
2020-07-19 5:00,21.9,,1.9,97,,10,1273,22.7
2020-07-19 6:00,21.9,,0.9,97,0,10,1553,22.8
2020-07-19 7:00,21.8,,1.1,98,0,10,1007,23.1
2020-07-19 8:00,22.5,,1.5,95,0,8,920,24.4
2020-07-19 9:00,22.7,,1.4,91,0,8,1131,25.1
2020-07-19 10:00,23.1,,1.3,89,0,8,1323,25.4
2020-07-19 11:00,23.6,,1.6,88,0,10,1822,25.9
2020-07-19 12:00,24.3,,1,86,0,9,1729,27.1
2020-07-19 13:00,24.6,,1,87,0,9,1498,27.8
2020-07-19 14:00,24.6,,0.7,89,0,8,1278,29.9
2020-07-19 15:00,24.8,,1,94,0,9,1235,30.9
2020-07-19 16:00,24.5,0.2,0.5,98,0,10,938,27.6
2020-07-19 17:00,25.4,,1.4,97,0,10,1139,27.5
2020-07-19 18:00,26.2,0,1.5,95,0,10,1714,27.8
2020-07-19 19:00,26.2,,1,97,0,7,1959,26.7
2020-07-19 20:00,26.5,,1.7,98,0,9,1989,25.9
2020-07-19 21:00,27.3,,0.7,95,,10,2000,25.8
2020-07-19 22:00,27.5,,1.4,94,,7,2000,25.6
2020-07-19 23:00,27.7,,1.1,92,,9,2000,25.6
2020-07-20 0:00,27.9,,0.9,88,,10,2000,25.5
2020-07-20 1:00,27.5,,1,91,,8,2000,25.6
2020-07-20 2:00,27.3,,1.1,94,,9,2000,25.6
2020-07-20 3:00,28,,2.1,87,,8,2000,25.5
2020-07-20 4:00,27.5,,1.1,90,,6,2000,25.2
2020-07-20 5:00,27.4,,1.2,92,,10,1871,25.2
2020-07-20 6:00,27.3,,1.1,93,0,10,1968,25.4
2020-07-20 7:00,27.5,,0.8,91,0,10,2000,26.1
2020-07-20 8:00,27.8,,1.9,89,0,10,2000,27.9
2020-07-20 9:00,27.4,0.1,1.8,92,0,10,1628,27.7
2020-07-20 10:00,25.7,11.4,0.5,99,0,10,689,28
2020-07-20 11:00,27.4,,0.4,99,0,10,1654,30.4
2020-07-20 12:00,28.2,0,1,97,0.2,10,2000,32.4
2020-07-20 13:00,28.9,,1.1,92,0.4,8,2000,32.9
2020-07-20 14:00,29.9,,1.4,83,0.1,8,2000,33.2
2020-07-20 15:00,31.3,,1.7,69,0.7,9,2000,36.8
2020-07-20 16:00,31,,1.8,65,0.8,9,2000,36
2020-07-20 17:00,30.1,,1.5,73,0.9,8,2000,34.2
2020-07-20 18:00,27.1,,2.1,86,0.5,7,2000,29.7
2020-07-20 19:00,25.7,,2.5,91,0.2,8,2000,26.9
2020-07-20 20:00,24.9,,1.5,97,0,9,2000,25.5
2020-07-20 21:00,24.7,,0.9,97,,10,2000,25
2020-07-20 22:00,24.4,,1,97,,10,2000,24.4
2020-07-20 23:00,24,,0.8,98,,9,2000,23.9
2020-07-21 0:00,23.6,,0.6,99,,9,1902,23.8
2020-07-21 1:00,23.6,,0.5,98,,10,2000,23.7
2020-07-21 2:00,22.7,0,0.8,99,,10,2000,23.4
2020-07-21 3:00,22.2,,0.2,99,,10,2000,23
2020-07-21 4:00,22.3,,0.5,99,,8,2000,23.3
2020-07-21 5:00,22.4,,0.1,99,,9,2000,23.4
2020-07-21 6:00,22.8,,0.2,99,0,9,2000,23.4
2020-07-21 7:00,23.2,,0.7,99,0,10,2000,24
2020-07-21 8:00,23.9,,0.9,95,0,10,2000,25.4
2020-07-21 9:00,25.1,,1,87,0.1,3,2000,28
2020-07-21 10:00,27.3,,1.7,75,0.7,5,2000,34
2020-07-21 11:00,28.9,,1.4,62,1,6,2000,37.7
2020-07-21 12:00,28.4,,1.3,62,1,4,2000,40.9
2020-07-21 13:00,29.9,,1.3,61,1,,2000,43.2
2020-07-21 14:00,30.5,,1.3,61,1,7,2000,44.7
2020-07-21 15:00,30.9,,0.7,61,1,7,2000,44.3
2020-07-21 16:00,30.3,,1,62,0.9,5,2000,41.8
2020-07-21 17:00,30.4,,1.6,62,0.9,3,2000,40.9
2020-07-21 18:00,29.1,,0.6,71,0.2,6,2000,34.6
2020-07-21 19:00,28.2,,0.4,83,0.1,8,2000,32
2020-07-21 20:00,26.8,,0.5,93,0,8,2000,29.6
2020-07-21 21:00,26.3,,0.9,97,,10,2000,28.4
2020-07-21 22:00,26.8,,0.3,93,,9,2000,27.6
2020-07-21 23:00,27.4,,1.8,81,,9,2000,27.3
2020-07-22 0:00,26.6,,1.2,82,,10,2000,26.8
2020-07-22 1:00,24.7,0.5,0.7,97,,10,1867,25.7
2020-07-22 2:00,23.3,2.8,2.2,99,,10,522,24.4
2020-07-22 3:00,23.1,4.6,1,99,,10,372,24.2
2020-07-22 4:00,22.7,4.8,1,99,,10,313,23.9
2020-07-22 5:00,22.8,1.6,0.6,99,,10,807,24.1
2020-07-22 6:00,22.6,2.1,0.9,99,0,10,754,23.9
2020-07-22 7:00,22.4,7.4,0.5,99,0,10,293,23.6
2020-07-22 8:00,22.5,6,0.7,99,0,10,1028,23.9
2020-07-22 9:00,22.5,2.1,1.1,99,0,10,594,24.7
2020-07-22 10:00,22.8,1.6,1.3,99,0,10,1162,25.6
2020-07-22 11:00,22.8,2.5,1.2,99,0,10,872,25.7
2020-07-22 12:00,22.9,0.7,1.1,99,0,10,1664,26.2
2020-07-22 13:00,23.7,0.6,0.9,99,0,10,1984,27.5
2020-07-22 14:00,23.5,0.7,0.8,99,0,10,1270,27.4
2020-07-22 15:00,24.1,0,0.9,99,0,10,2000,27.3
2020-07-22 16:00,23.1,0.7,0.3,99,0,10,476,26.3
2020-07-22 17:00,23.2,1.7,0.1,99,0,10,1527,26
2020-07-22 18:00,22.9,1.1,0.4,99,0,10,1627,25.5
2020-07-22 19:00,22.6,0.5,0.4,99,0,10,1064,24.8
2020-07-22 20:00,22.1,1.1,0.7,99,0,10,255,24.3
2020-07-22 21:00,21.9,0.9,0.4,99,,10,365,23.8
2020-07-22 22:00,21.8,1.1,0,99,,10,1265,23.7
2020-07-22 23:00,22,0,0.2,99,,10,1629,23.6
2020-07-23 0:00,22,0,0,99,,10,576,23.6
2020-07-23 1:00,21.9,0,0.2,99,,10,1014,23.5
2020-07-23 2:00,22.1,0,0,99,,10,1112,23.6
2020-07-23 3:00,21.9,0.7,0.4,99,,10,241,23.5
2020-07-23 4:00,22.1,0.3,0.2,99,,10,838,23.5
2020-07-23 5:00,21.9,0,0.2,99,,9,1808,23.4
2020-07-23 6:00,21.9,0.1,0,99,0,10,230,23.4
2020-07-23 7:00,21.9,1.3,0.5,99,0,10,465,23.6
2020-07-23 8:00,22.4,1,0.9,99,0,10,892,24.2
2020-07-23 9:00,22.6,0.3,1.1,99,0,10,818,24.9
2020-07-23 10:00,22,1.9,1.8,99,0,10,361,24.6
2020-07-23 11:00,21,3.4,1.3,99,0,10,302,23.7
2020-07-23 12:00,21.4,1.9,2.1,99,0,10,487,23.6
2020-07-23 13:00,21.7,1.4,1.8,99,0,10,658,24.3
2020-07-23 14:00,21.8,1,1.8,99,0,10,739,24.1
2020-07-23 15:00,21.4,2.9,2,99,0,10,631,23.4
2020-07-23 16:00,21.6,3.3,1.4,99,0,10,397,23.5
2020-07-23 17:00,21.3,4.8,1.9,99,0,10,525,23.2
2020-07-23 18:00,21.5,1,1.1,99,0,10,747,23.2
2020-07-23 19:00,21.3,1.6,1.2,99,0,10,498,22.7
2020-07-23 20:00,21.4,4.9,1.4,99,0,10,634,22.2
2020-07-23 21:00,21.3,6.8,2.1,99,,10,774,22
2020-07-23 22:00,21.2,6.8,2.4,99,,10,486,21.8
2020-07-23 23:00,21,9.8,0.9,99,,10,1039,21.9
2020-07-24 0:00,21,0.8,0.9,99,,5,2000,22
2020-07-24 1:00,21.1,0,1.4,99,,6,2000,22
2020-07-24 2:00,21,0,0.6,99,,7,2000,22
2020-07-24 3:00,21.1,0.1,0.5,99,,2,2000,22
2020-07-24 4:00,20.8,0.2,0.6,99,,9,2000,21.8
2020-07-24 5:00,20.3,1.6,0.3,99,,4,287,21.6
2020-07-24 6:00,19.9,2.2,0.4,99,0,4,206,21.6
2020-07-24 7:00,20.4,1.3,1.1,99,0,5,369,22
2020-07-24 8:00,21.4,0.6,2.2,99,0,7,589,23.1
2020-07-24 9:00,21.8,0,1.7,99,0,5,1734,23.4
2020-07-24 10:00,22,0,1.3,99,0,8,2000,23.7
2020-07-24 11:00,23,0,1.7,98,0,9,1961,25.3
2020-07-24 12:00,22.4,0,2,98,0,9,1200,24.7
2020-07-24 13:00,21.5,1.3,1.8,99,0,10,468,25.2
2020-07-24 14:00,21.5,1.8,2.2,99,0,10,564,25
2020-07-24 15:00,21.5,0.7,1.5,99,0,10,621,24.6
2020-07-24 16:00,21.3,2.2,0.8,99,0,10,308,24.2
2020-07-24 17:00,21.3,3,1,99,0,10,246,23.5
2020-07-24 18:00,21.1,1,1.5,99,0,10,1095,23
2020-07-24 19:00,21,1.5,0.7,99,0,10,897,22.6
2020-07-24 20:00,20.9,4.9,0.6,99,0,10,258,22.3
2020-07-24 21:00,20.8,5.3,1.2,99,,,309,22.1
2020-07-24 22:00,20.7,1.3,1,99,,10,608,21.9
2020-07-24 23:00,20.5,0.9,0.7,99,,9,1012,22
2020-07-25 0:00,20.5,0.4,0.7,99,,7,884,21.9
2020-07-25 1:00,20.5,0.5,0,99,,5,440,21.8
2020-07-25 2:00,20.4,0.6,0.3,99,,10,1615,21.8
2020-07-25 3:00,20.5,0.2,0.2,99,,10,1792,21.8
2020-07-25 4:00,20.4,0.2,0.1,99,,9,548,21.8
2020-07-25 5:00,20.4,0.6,0.4,99,,7,279,21.7
2020-07-25 6:00,20.3,1.2,0.8,99,0,7,183,21.6
2020-07-25 7:00,20.4,1.1,0.7,99,0,10,474,21.8
2020-07-25 8:00,20.8,0.6,1,99,0,6,1735,22.9
2020-07-25 9:00,22.2,0.3,1.6,99,0.1,9,2000,27.2
2020-07-25 10:00,22.5,,0.8,99,0,9,2000,26.7
2020-07-25 11:00,21.7,0,0.9,99,0,10,1624,25
2020-07-25 12:00,21.9,0.9,0.4,99,0,10,1146,26.1
2020-07-25 13:00,21.8,2.6,0.1,99,0,9,237,26.3
2020-07-25 14:00,23.1,0.2,0.4,99,0,10,1963,28.3
2020-07-25 15:00,23.6,,0.8,99,0,8,2000,28.7
2020-07-25 16:00,24.6,,1,91,0.1,9,2000,30.5
2020-07-25 17:00,24.9,,1.3,92,0.7,9,2000,30.3
2020-07-25 18:00,24.9,,0.9,90,1,6,2000,29.8
2020-07-25 19:00,24.3,,0.5,97,0.2,6,2000,26.5
2020-07-25 20:00,22.5,,1.8,99,0,5,2000,24.7
2020-07-25 21:00,22.4,,0.1,99,,7,2000,24.1
2020-07-25 22:00,22.4,,0.3,99,,10,2000,23.8
2020-07-25 23:00,22,0.5,0.9,99,,4,267,23.6
2020-07-26 0:00,22.1,0,0.6,99,,6,659,23.4
2020-07-26 1:00,21.9,,1,99,,9,725,23.2
2020-07-26 2:00,21.6,0.1,0.6,99,,7,514,23.1
2020-07-26 3:00,21.4,0.9,0.6,99,,5,357,23
2020-07-26 4:00,21.4,1.3,1.1,99,,5,443,22.9
2020-07-26 5:00,21.8,,0.6,99,,5,1697,22.8
2020-07-26 6:00,21.6,,0.4,99,0,5,856,22.9
2020-07-26 7:00,21.5,0.1,0.8,99,0,5,472,23.2
2020-07-26 8:00,21.7,1.2,0.8,99,0,5,409,23.7
2020-07-26 9:00,22,0.3,1.6,99,0,7,1277,25.6
2020-07-26 10:00,23.3,,0.9,99,0,10,1972,28.3
2020-07-26 11:00,23.1,,0.9,99,0,10,1996,26.2
2020-07-26 12:00,24.7,,0.9,97,0,10,2000,29.6
2020-07-26 13:00,27.4,,0.8,85,0.7,8,2000,36
2020-07-26 14:00,27.6,,0.6,78,0.8,8,2000,35.2
2020-07-26 15:00,26.9,,0.5,85,0.1,8,2000,31.3
2020-07-26 16:00,26.7,,1.3,93,0.4,8,2000,30.6
2020-07-26 17:00,26.2,,0.9,97,0,8,2000,28.7
2020-07-26 18:00,25.5,,0.9,99,0,10,2000,27.4
2020-07-26 19:00,24.6,,1.1,99,0,10,2000,26.2
2020-07-26 20:00,23.9,,0.7,99,0,10,1953,25.3
2020-07-26 21:00,23.4,,0.6,99,,10,2000,24.5
2020-07-26 22:00,23,,0.8,99,,10,1583,24.1
2020-07-26 23:00,22.7,,0.1,99,,10,1649,23.8
2020-07-27 0:00,22.6,,0.3,99,,9,1392,23.4
2020-07-27 1:00,22.9,,0.5,99,,10,984,23.1
2020-07-27 2:00,21.7,,0.9,99,,10,582,22.6
2020-07-27 3:00,21.4,,0.2,99,,10,491,22.4
2020-07-27 4:00,21.5,,0.7,99,,10,514,22.5
2020-07-27 5:00,21.4,,0.4,99,,10,414,22.4
2020-07-27 6:00,21.6,,0.2,99,0,10,489,22.6
2020-07-27 7:00,22.1,,0.3,99,0,10,403,23.2
2020-07-27 8:00,22.7,,0.5,99,0,10,407,24.6
2020-07-27 9:00,23.5,,0.5,99,0,10,555,26.1
2020-07-27 10:00,24.6,,0.8,98,0,9,530,27.2
2020-07-27 11:00,24.7,0,1,97,0,10,521,27.5
2020-07-27 12:00,24.1,0.3,1.1,99,0,10,412,27.5
2020-07-27 13:00,24.6,0.1,0.9,99,0,10,446,27.9
2020-07-27 14:00,24.8,0.2,0.9,99,0,10,428,27.4
2020-07-27 15:00,25.3,0.1,1,99,0,10,581,28.9
2020-07-27 16:00,24.8,0,1,99,0,10,669,27.3
2020-07-27 17:00,23.6,0.6,0.1,99,0,10,438,26.1
2020-07-27 18:00,23.2,0.4,0.2,99,0,10,509,25.4
2020-07-27 19:00,22.8,2.7,1,99,0,10,212,24.4
2020-07-27 20:00,22.7,1.5,0.6,99,0,10,363,24.1
2020-07-27 21:00,22.2,0.5,0.8,99,,10,720,23.8
2020-07-27 22:00,22,1.4,0.1,99,,9,541,23.6
2020-07-27 23:00,22,0.4,1.1,99,,10,1190,23.4
2020-07-28 0:00,22.1,0.1,0.4,99,,10,1259,23.4
2020-07-28 1:00,21.7,1.4,0.7,99,,10,1562,23.3
2020-07-28 2:00,21.7,0.1,0.4,99,,10,1356,23.2
2020-07-28 3:00,21.6,0.4,0,99,,10,947,23.2
2020-07-28 4:00,21.5,0.2,0.3,99,,10,422,23.1
2020-07-28 5:00,21.5,0,0.2,99,,10,1612,23
2020-07-28 6:00,21.6,0.1,0,99,0,10,2000,23
2020-07-28 7:00,21.8,,0.2,99,0,9,2000,23.6
2020-07-28 8:00,22.3,,0.1,99,0,9,2000,24.5
2020-07-28 9:00,22.6,,0.4,99,0,10,2000,25.1
2020-07-28 10:00,22.9,,0.2,99,0,10,2000,25.6
2020-07-28 11:00,23.7,,0.8,99,0,9,1072,26.5
2020-07-28 12:00,24.1,,0.3,99,0,10,,27.4
2020-07-28 13:00,24.1,,1.5,99,0,10,,27.2
2020-07-28 14:00,23.7,0,1.1,99,0,10,,26.3
2020-07-28 15:00,23.6,,0.9,99,0,10,1162,26.1
2020-07-28 16:00,23.3,0.4,0.8,99,0,10,927,25.3
2020-07-28 17:00,23.4,0,0.3,99,0,10,1260,25.1
2020-07-28 18:00,23.2,2.4,0.4,99,0,10,669,25
2020-07-28 19:00,23.1,0.8,0.1,99,0,10,415,24.6
2020-07-28 20:00,22.8,4.2,0.3,99,0,10,478,24.1
2020-07-28 21:00,22.7,7.2,0.6,99,,10,135,23.6
2020-07-28 22:00,22.5,2.5,0.1,99,,10,366,23.7
2020-07-28 23:00,22.5,0,0.1,99,,10,269,23.7
2020-07-29 0:00,22.5,0.1,0,99,,10,313,23.7
2020-07-29 1:00,22.4,0.5,0.2,99,,10,,23.6
2020-07-29 2:00,22.3,1.8,0,99,,10,,23.6
2020-07-29 3:00,22.1,3.1,0,99,,10,,23.4
2020-07-29 4:00,22.2,3.8,0,99,,10,,23.4
2020-07-29 5:00,22.3,0.7,0,99,,10,,23.4
2020-07-29 6:00,22.3,0.1,0.5,99,0,10,,23.5
2020-07-29 7:00,22.5,0,0.2,99,0,10,,23.7
2020-07-29 8:00,22.6,1,0,99,0,10,,24.1
2020-07-29 9:00,22.8,3.4,0,99,0,10,,24.1
2020-07-29 10:00,22.9,2.9,0.1,99,0,10,,24.1
2020-07-29 11:00,23.1,3.3,1,99,0,10,,24.7
2020-07-29 12:00,23.4,0.8,0.5,99,0,10,,25.2
2020-07-29 13:00,23.6,0,0,99,0,10,,25.6
2020-07-29 14:00,23.8,0.1,0.8,99,0,10,,25.8
2020-07-29 15:00,24,0,0,99,0,10,,26.3
2020-07-29 16:00,24.1,0,0.6,99,0,10,,26.6
2020-07-29 17:00,24.6,,0.6,99,0,10,,27.4
2020-07-29 18:00,25.1,,0.6,99,0,10,,27.3
2020-07-29 19:00,24.7,,0.3,99,0,9,,26.1
2020-07-29 20:00,24.1,,0.6,99,0,8,,25
2020-07-29 21:00,23.9,,0.3,99,,9,,24.4
2020-07-29 22:00,23.6,,0.3,99,,,,24.3
2020-07-29 23:00,23.5,,0.2,99,,,,24.4
2020-07-30 0:00,23.3,,0.2,99,,4,,24.1
2020-07-30 1:00,23.2,,0.3,99,,9,,24
2020-07-30 2:00,23.1,,0.1,99,,8,,23.9
2020-07-30 3:00,23.2,0,0.2,99,,9,,23.8
2020-07-30 4:00,23.1,0,0.1,99,,9,,23.8
2020-07-30 5:00,23.2,,0.4,99,,10,,23.9
2020-07-30 6:00,23.3,0.1,0.1,99,0,10,,23.9
2020-07-30 7:00,23.6,0,1.3,99,0,10,,24
2020-07-30 8:00,22.5,5.4,0.2,99,0,10,,23.9
2020-07-30 9:00,22.6,1.8,0.4,99,0,10,,23.9
2020-07-30 10:00,22.4,6,0.4,99,0,10,,23.4
2020-07-30 11:00,22.6,2.2,0.9,99,0,10,,23.3
2020-07-30 12:00,21.9,3.2,1.2,99,0,,,23.3
2020-07-30 13:00,22.1,1.6,0.4,99,0,10,,23.5
2020-07-30 14:00,23.7,0.1,0.9,99,0.1,10,,27.9
2020-07-30 15:00,24.4,0,0.7,99,0.3,10,,30.4
2020-07-30 16:00,24.2,,0.5,98,0.2,10,,29.6
2020-07-30 17:00,24,,0.7,99,0,10,,27.5
2020-07-30 18:00,24.2,,0.7,99,0.2,8,,26.7
2020-07-30 19:00,23.9,,0.2,99,0,8,,25.6
2020-07-30 20:00,22.8,,0.2,99,0,8,,24.1
2020-07-30 21:00,22.3,,0.6,99,,8,,23.3
2020-07-30 22:00,22,,0.2,99,,7,,22.9
2020-07-30 23:00,21.7,,0.4,99,,4,,22.4
2020-07-31 0:00,21.3,,0.5,99,,8,,22.2
2020-07-31 1:00,21.4,,0.4,99,,5,,22
2020-07-31 2:00,21.5,,0,99,,10,,22.4
2020-07-31 3:00,21.9,,0.7,99,,10,,22.6
2020-07-31 4:00,21.8,0,0,99,,8,,22.7
2020-07-31 5:00,21.7,,0,99,,9,,22.7
2020-07-31 6:00,21.7,,0.1,99,0,9,,22.8
2020-07-31 7:00,22.4,,0,99,0,9,,23.9
2020-07-31 8:00,23.5,,0,99,0,10,,25.4
2020-07-31 9:00,24.2,,0,99,0,10,,26
2020-07-31 10:00,24.8,,0,99,0,10,,26.8
2020-07-31 11:00,25.1,,0.3,99,0,10,,27.3
2020-07-31 12:00,27.3,0,0.5,93,0.6,8,,33.9
2020-07-31 13:00,29.7,,1.6,78,0.9,8,,36.7
2020-07-31 14:00,29.7,,1.3,78,0.5,9,,35.5
2020-07-31 15:00,30.3,,0.8,75,0.3,9,,36
2020-07-31 16:00,30.5,,0.7,78,0.5,8,,35.2
2020-07-31 17:00,29.4,0,1,93,0.3,8,,32.4
2020-07-31 18:00,28.8,0,0.5,97,0,9,,30.8
2020-07-31 19:00,27.7,,0.4,99,0,10,,28.7
2020-07-31 20:00,26.8,,0.3,99,0,10,,27.4
2020-07-31 21:00,26.2,,0.9,99,,9,,26.5
2020-07-31 22:00,25.5,,1.1,99,,10,,25.9
2020-07-31 23:00,25.1,,0.4,99,,10,,25.6
2020-08-01 0:00,24.6,,0.6,99,,,,25.2
2020-08-01 1:00,24.5,,0.1,99,,9,,25.1
2020-08-01 2:00,24.2,0,0.2,99,,8,,24.8
2020-08-01 3:00,24.1,0,0.2,99,,10,,24.8
2020-08-01 4:00,24,0,0.1,99,,10,,24.7
2020-08-01 5:00,23.9,0,0.1,99,,10,,24.5
2020-08-01 6:00,23.8,0,0.2,99,0,10,,24.5
2020-08-01 7:00,24.3,,0,99,0,10,,25.6
2020-08-01 8:00,25.5,,0,99,0,9,,27.5
2020-08-01 9:00,27.1,,0.2,98,0.7,8,,30.8
2020-08-01 10:00,29.7,,0.7,87,0.7,7,,34.6
2020-08-01 11:00,29.8,,0.7,84,0.7,8,,35.3
2020-08-01 12:00,30.4,,0.9,81,0.4,7,,35.5
2020-08-01 13:00,30.6,,1.1,75,0.8,7,,38.3
2020-08-01 14:00,30.2,,0.9,77,0.4,10,,35.1
2020-08-01 15:00,30,,0.8,81,0,10,,33.2
2020-08-01 16:00,29.5,0,0.4,91,0,10,,31.6
2020-08-01 17:00,27.4,1.6,0.7,99,0,10,,30
2020-08-01 18:00,27.5,,0.5,99,0,10,,29.1
2020-08-01 19:00,26.3,0,0.4,98,0,10,,27.7
2020-08-01 20:00,25.2,0,0.3,99,0,10,,26.7
2020-08-01 21:00,25.2,,0.7,99,,10,,26.1
2020-08-01 22:00,26.5,,0.6,99,,9,,26
2020-08-01 23:00,25.8,,0.8,99,,8,,25.6
2020-08-02 0:00,26,,1.3,99,,,,25.3
2020-08-02 1:00,25.8,,1.4,99,,6,,24.9
2020-08-02 2:00,24.7,,0.4,99,,8,,25.1
2020-08-02 3:00,25.5,,0.4,99,,8,,25.2
2020-08-02 4:00,25,,0.4,99,,5,,24.6
2020-08-02 5:00,24.3,,0.2,99,,7,,24.2
2020-08-02 6:00,23.9,,0.3,99,0,7,,24
2020-08-02 7:00,23.9,,0.6,99,0,8,,24.4
2020-08-02 8:00,27.2,,0.4,98,0.4,7,,26.7
2020-08-02 9:00,26.8,,0.8,98,0.3,10,,28.3
2020-08-02 10:00,27.5,,0.4,98,0,10,,29.1
2020-08-02 11:00,28.9,,0.6,91,0,10,,32.3
2020-08-02 12:00,29.4,,0.3,89,0,10,,32.9
2020-08-02 13:00,30.8,,0.6,80,0.1,8,,35.1
2020-08-02 14:00,30.6,,0.8,79,0.1,10,,34.5
2020-08-02 15:00,31,,0.6,80,0,10,,34.2
2020-08-02 16:00,30.5,,0.7,83,0,10,,32.8
2020-08-02 17:00,30.1,,0.5,84,0,10,,31.4
2020-08-02 18:00,29.1,,0.8,91,0,10,,29.7
2020-08-02 19:00,27.9,0,0.5,99,0,10,,28.6
2020-08-02 20:00,27.5,,0.4,98,0,9,,27.3
2020-08-02 21:00,27.8,,0.8,97,,10,,26.6
2020-08-02 22:00,27.6,,0.8,97,,10,,26.3
2020-08-02 23:00,27.3,,1.4,97,,10,,25.8
2020-08-03 0:00,26.8,,0.8,98,,,,25.6
2020-08-03 1:00,26.4,,0.6,98,,8,,25.2
2020-08-03 2:00,24.4,,0.6,99,,5,,24.8
2020-08-03 3:00,24.3,,0.6,99,,9,,24.7
2020-08-03 4:00,24.1,,0.5,99,,10,,24.5
2020-08-03 5:00,23.9,,0.1,99,,10,,24.4
2020-08-03 6:00,24,,0.3,99,0,10,,24.4
2020-08-03 7:00,24.5,,0.6,99,0,10,,25.5
2020-08-03 8:00,26.7,,0.1,98,0,10,,27.1
2020-08-03 9:00,27.9,,0.3,90,0.1,8,,29.9
2020-08-03 10:00,28.7,,0.7,84,0.6,9,,32.5
2020-08-03 11:00,30.6,,1.3,76,0.7,9,,37.3
2020-08-03 12:00,30,,0.8,77,0.2,10,,35.3
2020-08-03 13:00,30.5,,1.1,77,0.1,10,,36.1
2020-08-03 14:00,30.4,,0.7,79,0,10,,35
2020-08-03 15:00,30.8,,0.9,77,0,9,,35.3
2020-08-03 16:00,30.2,,1.1,83,0,10,,33.1
2020-08-03 17:00,29.4,,0.9,90,0,10,,31.6
2020-08-03 18:00,26.5,6,0.2,99,0,9,,29.5
2020-08-03 19:00,26.2,,0.6,99,0,10,,28.3
2020-08-03 20:00,26,,0.4,99,0,10,,27.2
2020-08-03 21:00,25.3,,0.5,99,,9,,26.5
2020-08-03 22:00,25.1,,0.4,99,,8,,26.1
2020-08-03 23:00,24.8,,0.5,99,,9,,25.7
2020-08-04 0:00,24.6,,0.3,99,,,,25.4
2020-08-04 1:00,24.4,,0.4,99,,8,,25.2
2020-08-04 2:00,24.1,,0.2,99,,3,,24.7
2020-08-04 3:00,23.8,,0.4,99,,4,,24.4
2020-08-04 4:00,23.4,,0.6,99,,7,,24.1
2020-08-04 5:00,23.4,,0.8,99,,8,,24
2020-08-04 6:00,23.4,,0.8,99,0,8,,24
2020-08-04 7:00,24.6,,0.2,99,0,7,,25.7
2020-08-04 8:00,26.5,,0.6,99,0.9,7,,28.2
2020-08-04 9:00,27,,0.3,97,0.2,8,,29.8
2020-08-04 10:00,28.9,,0.7,91,0.3,8,,32.2
2020-08-04 11:00,30.1,,2.1,84,0.9,6,,36.4
2020-08-04 12:00,30.8,,1.2,81,0.7,7,,36.3
2020-08-04 13:00,31.1,,2.6,78,0.5,8,,36.2
2020-08-04 14:00,31.2,,0.6,77,0.3,9,,35.5
2020-08-04 15:00,31.5,0,0.7,77,0.4,8,,34.2
2020-08-04 16:00,31.8,0,0.5,77,0.6,7,,35.4
2020-08-04 17:00,31.8,,0.8,78,0.5,8,,34.7
2020-08-04 18:00,30.5,,0.9,81,0.7,7,,31.5
2020-08-04 19:00,29.8,,1.3,83,0.1,8,,29
2020-08-04 20:00,29.3,,1,86,0,10,,28.1
2020-08-04 21:00,28.4,,0.7,90,,8,,27.3
2020-08-04 22:00,28.2,,1.7,90,,5,,26.6
2020-08-04 23:00,27.2,,0.4,98,,5,,26.1
2020-08-05 0:00,27.2,,1.3,98,,,,25.9
2020-08-05 1:00,25.6,,0.4,99,,4,,25.6
2020-08-05 2:00,25.7,,0.8,99,,5,,25.6
2020-08-05 3:00,26.8,,1.5,98,,6,,25.4
2020-08-05 4:00,24.8,,0.2,99,,10,,25.3
2020-08-05 5:00,26.5,,1.8,98,,10,,25.2
2020-08-05 6:00,25.9,,1.2,99,0,7,,25.1
2020-08-05 7:00,26.8,,0.9,98,0,7,,26.3
2020-08-05 8:00,27.4,,1.5,97,0,7,,27.4
2020-08-05 9:00,28.6,,1.2,89,0.2,8,,30.4
2020-08-05 10:00,29.7,,1.2,84,0.5,8,,32.7
2020-08-05 11:00,30.9,,1.2,80,1,7,,36.4
2020-08-05 12:00,30.4,,1.1,79,0.6,10,,36.5
2020-08-05 13:00,30,,1.3,79,0.5,9,,36
2020-08-05 14:00,28.8,,1,86,0,10,,32.2
2020-08-05 15:00,28.6,0,0.7,89,0,10,,31.2
2020-08-05 16:00,28.6,0,0.6,89,0,10,,30.4
2020-08-05 17:00,27.9,0.1,0.7,98,0,10,,30.1
2020-08-05 18:00,27.5,0,0.4,99,0,10,,28.8
2020-08-05 19:00,27.9,0,0.7,98,0,9,,28.3
2020-08-05 20:00,27.7,,1.2,97,0,10,,27.1
2020-08-05 21:00,28,,1.1,95,,9,,26.9
2020-08-05 22:00,27.8,0,1.5,95,,8,,26.6
2020-08-05 23:00,27.7,0,1.5,95,,7,,26.4
2020-08-06 0:00,26.5,0.6,1.3,99,,,,26.2
2020-08-06 1:00,26,1.7,1.1,99,,10,,26.2
2020-08-06 2:00,25.9,5.6,1.5,99,,9,,25.9
2020-08-06 3:00,25.1,16.5,2.1,99,,10,,25.5
2020-08-06 4:00,26,3.2,2.3,99,,10,,25.5
2020-08-06 5:00,26.3,0.4,1.3,99,,10,,25.5
2020-08-06 6:00,26.1,1.5,2.8,99,0,10,,25.4
2020-08-06 7:00,26.7,0.1,1.5,99,0,10,,25.7
2020-08-06 8:00,27.2,0,1.7,97,0,10,,26.1
2020-08-06 9:00,27.7,,1,94,0,10,,27.4
2020-08-06 10:00,27.4,0.2,2.1,95,0,10,,27.3
2020-08-06 11:00,26.6,4,0.5,99,0,10,,28.8
2020-08-06 12:00,26.8,,1.4,99,0,10,,28.2
2020-08-06 13:00,27.5,,1.3,95,0,10,,28.4
2020-08-06 14:00,29.1,,0.9,85,0.1,10,,32.6
2020-08-06 15:00,29.7,,0.6,89,0.1,10,,32.6
2020-08-06 16:00,29.2,,0.8,95,0.2,10,,32.7
2020-08-06 17:00,29.3,,0.7,91,0.2,8,,31.9
2020-08-06 18:00,28.7,,0.9,93,0.1,9,,30
2020-08-06 19:00,27.9,,1,98,0,9,,28.6
2020-08-06 20:00,27.1,,0.3,99,0,10,,27.8
2020-08-06 21:00,26.5,,0.6,99,,10,,27.4
2020-08-06 22:00,26,0,0.5,99,,10,,26.9
2020-08-06 23:00,25.5,,0.1,99,,10,,26.5
2020-08-07 0:00,25.1,,0.5,99,,10,,26.1
2020-08-07 1:00,24.7,,0.3,99,,10,,25.7
2020-08-07 2:00,24.6,,0.6,99,,10,,25.5
2020-08-07 3:00,24.4,,0.1,99,,10,,25.4
2020-08-07 4:00,24.3,,0.6,99,,10,,25.3
2020-08-07 5:00,24.5,,0,99,,10,,25.5
2020-08-07 6:00,24.8,0,0.1,99,0,10,,25.6
2020-08-07 7:00,24.4,0,0.3,99,0,10,,25.6
2020-08-07 8:00,23.9,1.7,0.4,99,0,10,,25.6
2020-08-07 9:00,23.8,6.6,0.1,99,0,10,,25.3
2020-08-07 10:00,23.6,5.6,0.7,99,0,10,,26.1
2020-08-07 11:00,23.8,1.5,0,99,0,10,,26.1
2020-08-07 12:00,24,4.5,0,99,0,10,,26.2
2020-08-07 13:00,24,3.2,0.5,99,0,10,,26.2
2020-08-07 14:00,23.9,3.9,0.6,99,0,10,,25.7
2020-08-07 15:00,23.1,30.8,1.2,99,0,10,,24.4
2020-08-07 16:00,22.6,15.6,1.2,99,0,10,,24.3
2020-08-07 17:00,22.3,18,0.7,99,0,10,,23.8
2020-08-07 18:00,22.4,1.3,0.1,99,0,10,,24.2
2020-08-07 19:00,22.2,1.1,0.5,99,0,10,,24
2020-08-07 20:00,22.2,0.7,0.3,99,0,10,,23.9
2020-08-07 21:00,22.3,0.5,0.1,99,,10,,23.9
2020-08-07 22:00,22.2,0,0.7,99,,10,,23.9
2020-08-07 23:00,22,5.2,0.2,99,,10,,23.6
2020-08-08 0:00,21.8,2.6,0.2,99,,10,,23.5
2020-08-08 1:00,21.9,4.4,0.7,99,,10,,23.5
2020-08-08 2:00,21.8,2.7,0.8,99,,10,,23.4
2020-08-08 3:00,21.9,2.1,0.1,99,,1,,23.4
2020-08-08 4:00,21.9,1,0.7,99,,10,,23.4
2020-08-08 5:00,21.8,15.3,0.2,99,,10,,23.1
2020-08-08 6:00,21.8,10.3,0,99,0,10,,23.1
2020-08-08 7:00,21.8,1.6,0.1,99,0,10,,23.4
2020-08-08 8:00,22.1,1,0,99,0,10,,23.8
2020-08-08 9:00,22.4,0.5,0.1,99,0,10,,24.1
2020-08-08 10:00,22.6,2.6,0.4,99,0,10,,24.1
2020-08-08 11:00,22.5,8.1,0.3,99,0,10,,23.9
2020-08-08 12:00,22.7,7.6,0.2,99,0,10,,24.3
2020-08-08 13:00,23.4,2.8,0,99,0,10,,25.2
2020-08-08 14:00,23.8,2.5,0.5,99,0,10,,25.4
2020-08-08 15:00,23.5,5.8,0.9,99,0,10,,25.2
2020-08-08 16:00,23.6,2.3,0.2,99,0,10,,25.5
2020-08-08 17:00,23.7,4.5,0.2,99,0,10,,25.2
2020-08-08 18:00,24,4.1,0.9,99,0,10,,24.7
2020-08-08 19:00,23.7,8.4,0.3,99,0,10,,24.5
2020-08-08 20:00,23.7,3.8,0.7,99,0,10,,24.3
2020-08-08 21:00,23.7,0.3,0.3,99,,10,,24.4
2020-08-08 22:00,24.4,,1.2,99,,10,,24.5
2020-08-08 23:00,24.1,,0.8,99,,10,,24.4
2020-08-09 0:00,23.6,,0.3,99,,10,,24.3
2020-08-09 1:00,23.6,0,0.7,99,,10,,24.1
2020-08-09 2:00,23.9,0.7,0.6,99,,10,,24.2
2020-08-09 3:00,23.5,3,0.3,99,,10,,24.1
2020-08-09 4:00,23.8,1.8,0.4,99,,10,,24.2
2020-08-09 5:00,24.3,0.3,0.9,99,,10,,24.3
2020-08-09 6:00,24.9,,1.6,99,0,9,,24.1
2020-08-09 7:00,25.4,,1.7,99,0,9,,25
2020-08-09 8:00,26.1,,1.3,99,0,10,,26.5
2020-08-09 9:00,27.1,,1.2,99,0.3,10,,28.8
2020-08-09 10:00,29,0,1.6,91,0.5,10,,32.9
2020-08-09 11:00,29.3,,1.3,86,0.7,10,,32.9
2020-08-09 12:00,29.9,,0.8,81,0.5,,,34.2
2020-08-09 13:00,31.2,,0.9,73,0.9,8,,37.2
2020-08-09 14:00,31.8,,1.3,70,1,7,,38.1
2020-08-09 15:00,31.7,,2.2,69,0.9,7,,37.2
2020-08-09 16:00,31.4,,1.7,70,1,6,,37
2020-08-09 17:00,30.7,,1.5,73,1,5,,34.5
2020-08-09 18:00,30.2,,0.9,75,0.9,7,,31.3
2020-08-09 19:00,28.8,,0.9,81,0.1,7,,28.5
2020-08-09 20:00,28.4,,1,85,0,6,,27
2020-08-09 21:00,27.7,,0.9,90,,7,,26.5
2020-08-09 22:00,27.1,,0.8,97,,7,,26.4
2020-08-09 23:00,27,,1,97,,7,,26.2
2020-08-10 0:00,26.9,,1,97,,5,,26
2020-08-10 1:00,26.8,,1.4,98,,5,,25.6
2020-08-10 2:00,26.6,,1.7,98,,5,,25.7
2020-08-10 3:00,26.4,0,2.1,99,,5,,25.8
2020-08-10 4:00,26.2,0,1.7,99,,7,,25.8
2020-08-10 5:00,25.6,0,0.4,99,,7,,25.5
2020-08-10 6:00,25.1,,0.8,99,0,6,,25.4
2020-08-10 7:00,25.1,1.6,0.2,99,0,10,,26.2
2020-08-10 8:00,25,10.1,0.4,99,0,10,,26
2020-08-10 9:00,25.1,8.5,0.3,99,0,10,,26
2020-08-10 10:00,25.1,14.4,0.2,99,0,10,,26.3
2020-08-10 11:00,26.9,0.2,0.8,99,0.1,8,,31.2
2020-08-10 12:00,27.6,0,1.2,99,0.1,10,,31.3
2020-08-10 13:00,26.7,0.8,0.2,99,0,10,,29.6
2020-08-10 14:00,26.1,21.1,0.7,99,0,10,,28.1
2020-08-10 15:00,26.4,0.7,0.5,99,0,10,,28.6
2020-08-10 16:00,26.3,0.1,0.2,99,0,10,,28.1
2020-08-10 17:00,25.5,12.5,1.3,99,0,10,,27
2020-08-10 18:00,23.6,23.6,2.2,99,0,10,,25.2
2020-08-10 19:00,23.7,5.7,0.5,99,0,10,,25.1
2020-08-10 20:00,23.7,1,0.4,99,0,10,,25
2020-08-10 21:00,23.6,,0.3,99,,10,,25
2020-08-10 22:00,23.6,0.4,0.1,99,,10,,25
2020-08-10 23:00,23.4,0.1,0.7,99,,6,,24.9
2020-08-11 0:00,23.7,6.8,0.5,99,,10,,24.8
2020-08-11 1:00,23.8,3.4,0.6,99,,10,,24.8
2020-08-11 2:00,23.6,0.3,0.2,99,,6,,24.5
2020-08-11 3:00,23.6,,0.5,99,,3,,24.2
2020-08-11 4:00,23.5,,0.5,99,,7,,24
2020-08-11 5:00,23.2,,0.5,99,,6,,23.9
2020-08-11 6:00,23.3,,0.4,99,0,6,,23.7
2020-08-11 7:00,24.2,,0.1,99,0.5,4,,24.7
2020-08-11 8:00,26.8,,0.2,99,1,5,,27.3
2020-08-11 9:00,28.4,,1.2,95,1,8,,31.2
2020-08-11 10:00,27.8,0,1.1,97,0.1,10,,29.8
2020-08-11 11:00,28.2,,0.6,93,0,10,,30.2
2020-08-11 12:00,29.5,,0.7,91,0,10,,32
2020-08-11 13:00,28.8,,0.2,94,0.1,10,,30.7
2020-08-11 14:00,26.1,2.4,1.4,99,0,10,,30.1
2020-08-11 15:00,27.1,,0.9,99,0,10,,30.5
2020-08-11 16:00,25.8,3.9,0.7,99,0,10,,28.9
2020-08-11 17:00,24.9,6.5,0.1,99,0,10,,27.3
2020-08-11 18:00,25.2,14,0.6,99,0.1,10,,28.2
2020-08-11 19:00,24.9,,0.1,99,0,10,,27.1
2020-08-11 20:00,24.5,0,0.8,99,0,10,,26.5
2020-08-11 21:00,24.6,0.4,0.1,99,,10,,26.2
2020-08-11 22:00,24.7,2.1,0.7,99,,10,,25.9
2020-08-11 23:00,24.6,4.2,0,99,,10,,25.8
2020-08-12 0:00,24.3,,0.3,99,,7,,25.4
2020-08-12 1:00,24.3,,0.6,99,,8,,25.5
2020-08-12 2:00,24.3,,0.1,99,,9,,25.4
2020-08-12 3:00,24,,0.7,99,,4,,25.1
2020-08-12 4:00,23.9,,0.6,99,,6,,25
2020-08-12 5:00,24.1,,0.1,99,,6,,25
2020-08-12 6:00,23.8,,0.7,99,0,6,,25
2020-08-12 7:00,24.1,,0,99,0,9,,25.8
2020-08-12 8:00,25.4,,0.5,99,0.1,10,,27.5
2020-08-12 9:00,27.3,,0.7,99,0.4,9,,31.3
2020-08-12 10:00,28.9,,0.5,98,0.7,8,,33.7
2020-08-12 11:00,29.6,,0.6,93,0.3,8,,33.4
2020-08-12 12:00,29.5,,1.7,97,0.1,9,,32.7
2020-08-12 13:00,29.9,0,2,92,0.4,,,34.1
2020-08-12 14:00,28.1,0.5,0.9,99,0.1,,,31.4
2020-08-12 15:00,29.8,0.1,0.3,97,0.5,8,,35.7
2020-08-12 16:00,30.4,,0.7,96,0.3,10,,34.4
2020-08-12 17:00,31.1,,0.7,93,0.4,10,,35
2020-08-12 18:00,29.8,,0.7,99,0.1,8,,31.5
2020-08-12 19:00,28.4,,0,99,0,7,,30
2020-08-12 20:00,28.2,,0.2,99,0,5,,29.1
2020-08-12 21:00,27.2,0,0.6,99,,9,,28.3
2020-08-12 22:00,27.2,0,0.1,99,,9,,28
2020-08-12 23:00,26.8,0,0.6,99,,9,,27.8
2020-08-13 0:00,27,,0.3,99,,8,,27.6
2020-08-13 1:00,26.3,,0.6,99,,9,,27.2
2020-08-13 2:00,26.4,,0.5,99,,10,,27.2
2020-08-13 3:00,25.8,,0.3,99,,5,,26.7
2020-08-13 4:00,25.1,,0.9,99,,7,,26
2020-08-13 5:00,24.6,,0.2,99,,5,,25.7
2020-08-13 6:00,24.3,,0.8,99,0,5,,25.3
2020-08-13 7:00,25.2,,0.6,99,0.5,7,,26
2020-08-13 8:00,26.8,,0.9,99,0.9,7,,27.8
2020-08-13 9:00,27.9,,0.4,98,0.9,7,,31.4
2020-08-13 10:00,29.4,,0.7,88,0.9,4,,34.4
2020-08-13 11:00,30.4,,1,79,0.8,6,,37.4
2020-08-13 12:00,31.5,,1,82,0.8,6,,37.6
2020-08-13 13:00,32.8,,1.3,75,1,7,,40.3
2020-08-13 14:00,32.2,,0.8,79,0.8,7,,38.3
2020-08-13 15:00,32.6,,0.4,74,0.4,6,,37
2020-08-13 16:00,33.4,,0.4,68,0.8,6,,39
2020-08-13 17:00,33.5,,0.9,68,1,5,,37.2
2020-08-13 18:00,31.9,,1.3,77,0.9,3,,33.8
2020-08-13 19:00,30.8,,0.8,86,0.4,4,,30.8
2020-08-13 20:00,28.7,,0.6,98,0,5,,29.4
2020-08-13 21:00,27.9,,0.4,99,,3,,28.5
2020-08-13 22:00,27.5,,0.3,99,,4,,27.9
2020-08-13 23:00,28,,0.9,99,,3,,27.5
2020-08-14 0:00,26.6,,0.4,99,,3,,27.1
2020-08-14 1:00,26.1,,0.4,99,,4,,26.6
2020-08-14 2:00,25.5,,0.6,99,,4,,26.3
2020-08-14 3:00,25.3,,1,99,,5,,26
2020-08-14 4:00,24.9,,0.8,99,,5,,25.8
2020-08-14 5:00,24.7,,0.2,99,,5,,25.5
2020-08-14 6:00,24.4,,0.6,99,0,3,,25.2
2020-08-14 7:00,25.5,,0.8,99,0.6,4,,25.9
2020-08-14 8:00,27.8,,0.7,97,1,5,,28
2020-08-14 9:00,29.2,,0.6,85,1,5,,32.6
2020-08-14 10:00,30.5,,0.7,79,1,5,,36
2020-08-14 11:00,32.3,,0.7,78,0.9,8,,38.6
2020-08-14 12:00,32.1,,0.7,76,0.9,7,,39.6
2020-08-14 13:00,32.3,,0.8,79,0.7,7,,38.6
2020-08-14 14:00,32.9,,2.5,68,0.3,8,,36.6
2020-08-14 15:00,32.6,,1.3,77,0.5,,,36.3
2020-08-14 16:00,32.9,,0.8,78,0.4,7,,36.3
2020-08-14 17:00,33.3,,1.7,64,1,7,,36.4
2020-08-14 18:00,32.4,,0.7,71,0.9,7,,33.4
2020-08-14 19:00,29.5,,1,90,0.2,6,,30.7
2020-08-14 20:00,28.4,,1.4,93,0,,,28.9
2020-08-14 21:00,27.8,,0.8,97,,,,28.2
2020-08-14 22:00,27.4,,0.5,99,,7,,27.7
2020-08-14 23:00,26.9,,0.4,99,,10,,27.4
2020-08-15 0:00,26.8,,0.6,99,,9,,27.3
2020-08-15 1:00,26.7,,0.6,99,,9,,27
2020-08-15 2:00,26.1,,0.7,99,,8,,26.6
2020-08-15 3:00,25.6,,0.5,99,,6,,26.2
2020-08-15 4:00,25.3,,0.7,99,,4,,25.9
2020-08-15 5:00,25,,0.5,99,,3,,25.6
2020-08-15 6:00,24.8,,0.7,99,0,4,,25.5
2020-08-15 7:00,26.1,,0.2,99,0.5,3,,26.2
2020-08-15 8:00,28.9,,0,97,1,3,,28.5
2020-08-15 9:00,30.1,,0.9,85,1,3,,33.2
2020-08-15 10:00,31.6,,0.6,77,1,5,,36.6
2020-08-15 11:00,32.9,,1.6,66,1,7,,39.3
2020-08-15 12:00,33.4,,1.4,65,0.9,7,,41.8
2020-08-15 13:00,33.9,,1.5,66,1,8,,45.9
2020-08-15 14:00,34.5,,1,70,0.9,7,,45.6
2020-08-15 15:00,34.4,,1.1,68,0.9,5,,45.3
2020-08-15 16:00,33.7,,1.5,71,1,7,,43.4
2020-08-15 17:00,34,,1.1,69,1,7,,42.3
2020-08-15 18:00,33.2,,1.2,72,0.9,7,,38.3
2020-08-15 19:00,30.8,,0.9,91,0.5,7,,34.6
2020-08-15 20:00,29.3,,1.2,98,0,8,,32
2020-08-15 21:00,28.4,,1.3,99,,8,,30.5
2020-08-15 22:00,27.6,,0.9,99,,5,,29.4
2020-08-15 23:00,27.1,,0.9,99,,4,,28.6
2020-08-16 0:00,26.5,,0.8,99,,0,,27.9
2020-08-16 1:00,25.8,,0.9,99,,2,,27.3
2020-08-16 2:00,25.3,,0.9,99,,3,,26.8
2020-08-16 3:00,24.9,,0.7,99,,6,,26.4
2020-08-16 4:00,24.5,,0.6,99,,7,,25.9
2020-08-16 5:00,24.3,,0.8,99,,6,,25.4
2020-08-16 6:00,23.8,,0.7,99,0,7,,24.9
2020-08-16 7:00,24.2,,0.2,99,0.3,7,,25.3
2020-08-16 8:00,26.3,,0.5,99,0.9,6,,27.4
2020-08-16 9:00,28.1,,0.5,94,1,2,,32.8
2020-08-16 10:00,30,,0.5,78,1,0,,37.4
2020-08-16 11:00,30.7,,0.5,71,1,4,,39.7
2020-08-16 12:00,32.1,,1.1,64,1,3,,44.5
2020-08-16 13:00,33.3,,1.2,63,1,4,,47.7
2020-08-16 14:00,34,,1.4,69,1,3,,49.2
2020-08-16 15:00,33.5,,1.6,64,1,2,,48.7
2020-08-16 16:00,33.2,,1.6,64,0.8,3,,44.9
2020-08-16 17:00,33,,1.3,67,1,2,,42.7
2020-08-16 18:00,32.2,,1,71,0.9,3,,37.9
2020-08-16 19:00,30,,0.8,85,0.5,3,,33.8
2020-08-16 20:00,28.1,,0.8,94,0,3,,31.4
2020-08-16 21:00,27.2,,1.1,98,,2,,29.9
2020-08-16 22:00,26.6,,1.3,99,,3,,28.9
2020-08-16 23:00,27,,1.5,99,,3,,28.2
2020-08-17 0:00,26.4,,1.2,99,,3,,27.6
2020-08-17 1:00,25.9,,0.7,99,,5,,27.1
2020-08-17 2:00,25.4,,0.5,99,,6,,26.5
2020-08-17 3:00,25.1,,0.4,99,,5,,25.9
2020-08-17 4:00,24.2,,0,99,,4,,25.4
2020-08-17 5:00,23.8,,0.1,99,,7,,25.1
2020-08-17 6:00,23.8,,0.4,99,0,6,,24.9
2020-08-17 7:00,24.9,,0,99,0.2,6,,25.9
2020-08-17 8:00,26.2,,0.1,99,0.5,6,,27.5
2020-08-17 9:00,28.3,,0.4,89,1,7,,33.1
2020-08-17 10:00,29.2,,1.5,77,0.9,7,,37.6
2020-08-17 11:00,29.4,,1.4,75,1,6,,39.8
2020-08-17 12:00,31.2,,1.2,68,1,6,,44.1
2020-08-17 13:00,32.2,,1.6,68,1,6,,48
2020-08-17 14:00,32.3,,1.3,68,1,6,,48.1
2020-08-17 15:00,32.4,,1.1,64,1,6,,48.6
2020-08-17 16:00,32.5,,1.2,65,1,6,,46.7
2020-08-17 17:00,32.5,,1,68,1,6,,42.7
2020-08-17 18:00,31.4,,1,72,0.9,6,,37.4
2020-08-17 19:00,28.9,,1.8,94,0.4,6,,33.3
2020-08-17 20:00,27.7,,1.5,98,0,6,,30.9
2020-08-17 21:00,26.7,,0.6,99,,5,,29.4
2020-08-17 22:00,26.1,,0.6,99,,2,,28.4
2020-08-17 23:00,25.2,,0.7,99,,2,,27.6
2020-08-18 0:00,25.2,,0.8,99,,2,,26.9
2020-08-18 1:00,24.9,,0.2,99,,2,,26.4
2020-08-18 2:00,24.4,,0.3,99,,1,,25.9
2020-08-18 3:00,23.9,,0.4,99,,2,,25.7
2020-08-18 4:00,24.3,,0.5,99,,4,,26
2020-08-18 5:00,24.1,,0.5,99,,7,,25.9
2020-08-18 6:00,23.8,,0.3,99,0,4,,25.3
2020-08-18 7:00,24.4,,0.3,99,0.2,3,,25.8
2020-08-18 8:00,26.6,,0.7,99,1,4,,28.2
2020-08-18 9:00,29.4,,1.3,90,1,2,,33.6
2020-08-18 10:00,30.4,,1.6,84,1,0,,39.2
2020-08-18 11:00,30.7,,1.2,75,0.9,0,,42.9
2020-08-18 12:00,31.9,,1.5,70,0.9,4,,46.6
2020-08-18 13:00,32.2,,1.6,67,1,3,,50
2020-08-18 14:00,32.9,,1.1,63,1,0,,50.9
2020-08-18 15:00,33.6,,1.3,61,1,1,,50.6
2020-08-18 16:00,33.5,,1.2,59,1,0,,48.1
2020-08-18 17:00,33.2,,1.2,65,1,0,,44.1
2020-08-18 18:00,32,,1.2,70,0.9,0,,38.1
2020-08-18 19:00,29,,1.8,92,0.4,0,,33.5
2020-08-18 20:00,28.1,,1.3,96,0,0,,31
2020-08-18 21:00,26.8,,0.6,99,,0,,29.5
2020-08-18 22:00,26.2,,0.9,99,,0,,28.4
2020-08-18 23:00,25.7,,0.2,99,,0,,27.5
2020-08-19 0:00,25.2,,0.6,99,,0,,26.9
2020-08-19 1:00,24.9,,0.5,99,,0,,26.3
2020-08-19 2:00,24.2,,0.1,99,,0,,25.7
2020-08-19 3:00,24.1,,0.4,99,,0,,25.3
2020-08-19 4:00,23.7,,0.3,99,,0,,24.9
2020-08-19 5:00,23.8,,0.7,99,,1,,24.8
2020-08-19 6:00,23.4,,0.4,99,0,0,,24.5
2020-08-19 7:00,25.1,,0.7,99,0.4,0,,25.6
2020-08-19 8:00,27.6,,1.4,96,1,0,,28.6
2020-08-19 9:00,28.3,,1.4,88,1,0,,34.3
2020-08-19 10:00,29.8,,1.5,79,1,1,,39.9
2020-08-19 11:00,31.5,,1.6,69,1,0,,44.6
2020-08-19 12:00,32.5,,0.8,60,1,2,,48.5
2020-08-19 13:00,33.3,,1,57,1,0,,52.2
2020-08-19 14:00,34.2,,1.1,54,1,0,,53.8
2020-08-19 15:00,34.5,,1.2,56,1,0,,53.3
2020-08-19 16:00,33.9,,1.3,55,1,0,,50.6
2020-08-19 17:00,33.6,,1.3,62,1,0,,46.6
2020-08-19 18:00,32.2,,1,66,0.9,2,,40.4
2020-08-19 19:00,29.5,,1.4,88,0.4,0,,34.8
2020-08-19 20:00,28.4,,1.6,91,0,2,,31.7
2020-08-19 21:00,27.9,,0.4,92,,2,,30
2020-08-19 22:00,26.9,,0.1,97,,2,,28.8
2020-08-19 23:00,26.2,,0.9,99,,1,,27.9
2020-08-20 0:00,25.5,,0.3,99,,3,,27.1
2020-08-20 1:00,25.1,,0.4,99,,1,,26.6
2020-08-20 2:00,24.8,,0.6,99,,0,,26
2020-08-20 3:00,24.4,,0.5,99,,0,,25.5
2020-08-20 4:00,24,,0.3,99,,1,,25
2020-08-20 5:00,23.5,,0.5,99,,0,,24.5
2020-08-20 6:00,23.8,,0.7,99,0,1,,24.4
2020-08-20 7:00,24.4,,0.4,99,0.4,0,,25.4
2020-08-20 8:00,26.5,,0.3,99,1,0,,29
2020-08-20 9:00,28.8,,1.4,86,1,0,,35
2020-08-20 10:00,29.1,,1.2,77,1,0,,40.9
2020-08-20 11:00,30.5,,1.1,74,1,0,,45.4
2020-08-20 12:00,31.6,,1.7,65,1,2,,48.3
2020-08-20 13:00,32.3,,0.7,59,1,0,,52.5
2020-08-20 14:00,33.3,,0.6,53,1,0,,54.1
2020-08-20 15:00,34.3,,0.6,,1,0,,53.7
2020-08-20 16:00,34.1,,1.1,,1,0,,51.4
2020-08-20 17:00,33.7,,0.6,,1,0,,47.3
2020-08-20 18:00,31.7,,1.2,,0.9,0,,40.8
2020-08-20 19:00,29.1,,0.8,,0.4,0,,34.8
2020-08-20 20:00,27.7,,1,,0,1,,31.7
2020-08-20 21:00,27,,0.8,,,2,,30.1
2020-08-20 22:00,26.2,,0.8,,,2,,29
2020-08-20 23:00,26.4,,1.7,,,3,,28.9
2020-08-21 0:00,26.3,,1.1,,,2,,28.5
2020-08-21 1:00,25.3,,1,,,2,,27.5
2020-08-21 2:00,24.7,,1.1,,,2,,26.7
2020-08-21 3:00,24.2,,0.5,,,2,,26.1
2020-08-21 4:00,23.7,,0.7,,,2,,25.5
2020-08-21 5:00,23.4,,0.7,,,1,,25.1
2020-08-21 6:00,23.3,,0.6,,0,5,,24.8
2020-08-21 7:00,24.3,,0.2,,0,1,,26.4
2020-08-21 8:00,25,,0.4,,0,1,,28.1
2020-08-21 9:00,25.7,,0.6,,0,1,,29.9
2020-08-21 10:00,27.1,,0.4,,0.1,7,,34.2
2020-08-21 11:00,28.7,,1,,0.5,7,,40.1
2020-08-21 12:00,29.6,,0.9,,0.5,7,,41.9
2020-08-21 13:00,30.4,,0.7,,0.6,6,,45.1
2020-08-21 14:00,31.6,,1.2,,0.9,6,,49.2
2020-08-21 15:00,33.6,,0.8,,1,2,,51.2
2020-08-21 16:00,33.2,,1.5,,1,0,,49
2020-08-21 17:00,32.3,,1.3,,1,0,,45.5
2020-08-21 18:00,30.8,,0.7,62,0.9,0,,39.5
2020-08-21 19:00,28.8,,0.6,69,0.4,0,,33.8
2020-08-21 20:00,27,,0.9,81,0,1,,30.9
2020-08-21 21:00,28.7,,1.1,70,,1,,29.5
2020-08-21 22:00,26.8,,1.3,78,,2,,28.5
2020-08-21 23:00,25.5,,2.3,80,,5,,27.5
2020-08-22 0:00,25.2,,1.1,81,,4,,26.8
2020-08-22 1:00,24.6,,1.2,83,,7,,26.5
2020-08-22 2:00,25.1,,1,81,,8,,27.1
2020-08-22 3:00,25.2,,1.9,77,,8,,27.1
2020-08-22 4:00,24.5,,0.9,83,,8,,26.7
2020-08-22 5:00,24.6,,0.3,82,,10,,26.7
2020-08-22 6:00,24.3,,0.7,86,0,10,,26.8
2020-08-22 7:00,25,,0.8,79,0,9,,27.6
2020-08-22 8:00,25.2,,1.2,79,0,10,,28.5
2020-08-22 9:00,26.5,,1,74,0,9,,32.1
2020-08-22 10:00,26.4,,1.4,75,0,8,,32.6
2020-08-22 11:00,28.8,,1.6,64,0.9,6,,42.6
2020-08-22 12:00,28.9,,1,63,0.5,9,,44.2
2020-08-22 13:00,29.1,,1.3,61,0.4,8,,43.4
2020-08-22 14:00,30.5,,1.4,55,0.7,7,,48.1
2020-08-22 15:00,29.3,,1,59,0.3,8,,41.2
2020-08-22 16:00,27.5,,1,72,0,10,,35.3
2020-08-22 17:00,27.4,0,0.4,71,0,10,,33
2020-08-22 18:00,27.3,,0.4,75,0,10,,32.4
2020-08-22 19:00,27.1,0,0.5,71,0,10,,30.6
2020-08-22 20:00,26.1,0,1.4,79,0,8,,29.3
2020-08-22 21:00,25.7,,0.8,80,,8,,28.4
2020-08-22 22:00,25,,0.7,83,,5,,27.3
2020-08-22 23:00,24.6,,0.9,85,,6,,26.7
2020-08-23 0:00,24.9,,0.5,83,,7,,27
2020-08-23 1:00,24.5,0,1,86,,8,,26.9
2020-08-23 2:00,23.5,1.4,0.8,95,,6,,25.6
2020-08-23 3:00,23.3,,0.7,96,,7,,25.2
2020-08-23 4:00,23.4,,0.6,97,,9,,25.2
2020-08-23 5:00,23.5,0,0.3,97,,9,,25.3
2020-08-23 6:00,23.1,0,0.3,96,0,6,,24.6
2020-08-23 7:00,23.6,,0.1,95,0,3,,25.5
2020-08-23 8:00,24.8,,0.4,88,0.4,4,,28.6
2020-08-23 9:00,26.6,,0.4,84,0.6,2,,31.3
2020-08-23 10:00,26.3,,1.3,81,0.3,8,,31.4
2020-08-23 11:00,27.9,,1.1,69,1,7,,41
2020-08-23 12:00,28.7,,0.7,63,0.8,6,,43.2
2020-08-23 13:00,30.3,,1,57,0.9,6,,45.4
2020-08-23 14:00,31.1,,1.7,54,0.9,4,,48
2020-08-23 15:00,30.7,,1.2,51,0.9,1,,47.8
2020-08-23 16:00,31.3,,0.6,51,1,0,,46
2020-08-23 17:00,31.7,,1.1,49,1,1,,43.3
2020-08-23 18:00,29.6,,0.5,59,0.8,3,,37.5
2020-08-23 19:00,27.6,,1.3,71,0,6,,33
2020-08-23 20:00,26.7,,0.6,74,0,4,,30.2
2020-08-23 21:00,26.1,,1.2,78,,8,,29.3
2020-08-23 22:00,25.5,,0.4,79,,7,,28.4
2020-08-23 23:00,24.6,,1,83,,5,,27.3
2020-08-24 0:00,23.9,,0.9,86,,3,,26.3
2020-08-24 1:00,23.5,,0.8,88,,3,,25.6
2020-08-24 2:00,23,,0.7,90,,4,,25.1
2020-08-24 3:00,23.1,,0.6,90,,5,,24.9
2020-08-24 4:00,22.8,,0.6,92,,4,,24.5
2020-08-24 5:00,22.7,,1,93,,5,,24.2
2020-08-24 6:00,22.5,,0.8,94,0,3,,24
2020-08-24 7:00,23.3,,0.4,91,0,5,,25.9
2020-08-24 8:00,24.6,,0.2,83,0,3,,28.5
2020-08-24 9:00,26,,0.3,78,0.3,4,,32.6
2020-08-24 10:00,27.4,,2.2,73,0.6,7,,35.1
2020-08-24 11:00,29.1,,1.5,68,0.7,7,,38.7
2020-08-24 12:00,30.7,,1.4,64,0.5,5,,42.7
2020-08-24 13:00,31.1,,2.3,60,0.9,6,,48.2
2020-08-24 14:00,31.3,,0.6,60,0.6,5,,43.6
2020-08-24 15:00,32.5,,0.5,55,0.8,6,,47.9
2020-08-24 16:00,32.5,,0.6,53,1,6,,46.9
2020-08-24 17:00,31.9,,1.1,57,1,4,,43.2
2020-08-24 18:00,31,,0.9,61,0.9,2,,38.2
2020-08-24 19:00,29.7,,0.6,66,0.3,4,,33.7
2020-08-24 20:00,27.6,,0.8,77,0,4,,30.8
2020-08-24 21:00,26.9,,0.9,81,,3,,29.4
2020-08-24 22:00,26.3,,0.3,83,,3,,28.2
2020-08-24 23:00,27.2,,0.8,78,,3,,27.4
2020-08-25 0:00,27.5,,0.9,76,,3,,27.1
2020-08-25 1:00,24.9,,0.5,89,,4,,26.3
2020-08-25 2:00,25.1,,0.7,88,,4,,25.7
2020-08-25 3:00,24,,0.5,92,,6,,25.2
2020-08-25 4:00,23.8,,1.1,93,,7,,24.8
2020-08-25 5:00,23.3,,0.7,93,,5,,24.3
2020-08-25 6:00,23.1,,0.7,93,0,5,,24
2020-08-25 7:00,23.6,,0.8,91,0.1,5,,24.6
2020-08-25 8:00,26.2,,0.2,80,1,4,,28.9
2020-08-25 9:00,29.2,,1.1,69,1,3,,35
2020-08-25 10:00,30.3,,1.2,62,1,2,,41.2
2020-08-25 11:00,31.7,,1.5,57,1,2,,46.8
2020-08-25 12:00,32,,1.4,54,1,6,,51.8
2020-08-25 13:00,33,,1.7,51,1,5,,54.6
2020-08-25 14:00,32.9,,2.8,52,0.9,7,,54
2020-08-25 15:00,32.6,,1.4,54,0.4,8,,46.9
2020-08-25 16:00,32.4,,1.8,59,0.2,8,,43.7
2020-08-25 17:00,32.5,0,0.8,60,0.9,6,,43
2020-08-25 18:00,31.6,,0.4,61,0.8,2,,38.5
2020-08-25 19:00,28.8,,0.8,75,0.3,3,,33.7
2020-08-25 20:00,28,,1.2,78,0,3,,31.5
2020-08-25 21:00,27.1,,1.2,81,,3,,29.7
2020-08-25 22:00,26.6,,0.9,84,,3,,28.7
2020-08-25 23:00,26,,0.9,87,,3,,28.1
2020-08-26 0:00,25.7,,1.1,88,,3,,27.7
2020-08-26 1:00,25.3,,1.1,90,,4,,27.1
2020-08-26 2:00,25.1,,0.8,92,,5,,26.7
2020-08-26 3:00,,,0.3,92,,5,,26.3
2020-08-26 4:00,,,0.2,91,,5,,26.6
2020-08-26 5:00,25.5,0,0.3,89,,4,,26.9
2020-08-26 6:00,25.1,,0.4,91,0,7,,26.6
2020-08-26 7:00,26.5,,0.2,85,0.4,7,,27.5
2020-08-26 8:00,28.6,,1.4,77,1,4,,31.2
2020-08-26 9:00,29.5,,1.3,72,0.8,6,,35.3
2020-08-26 10:00,31.2,,2.2,67,0.7,7,,39.6
2020-08-26 11:00,32.7,,2.6,57,0.6,8,,42.9
2020-08-26 12:00,31.9,,2.3,57,0.8,7,,44.6
2020-08-26 13:00,32.9,,2.6,53,0.7,9,,45.4
2020-08-26 14:00,33.2,,2.5,52,0.6,8,,45.9
2020-08-26 15:00,32.7,0,2.8,55,0.5,8,,42.9
2020-08-26 16:00,31.8,,2.9,56,0.4,8,,40.1
2020-08-26 17:00,30.7,,2.5,62,0,10,,37
2020-08-26 18:00,30.4,,3,61,0,10,,34
2020-08-26 19:00,30,,2.8,62,0,10,,32
2020-08-26 20:00,29.7,,1.8,64,0,10,,30.8
2020-08-26 21:00,28.8,0,2,67,,10,,29
2020-08-26 22:00,29.2,,2.6,65,,9,,29.3
2020-08-26 23:00,29.6,,2.3,62,,10,,29.3
2020-08-27 0:00,29.3,0,2.5,64,,10,,29.2
2020-08-27 1:00,29.4,,3.2,64,,10,,29.1
2020-08-27 2:00,29,0,2.3,67,,10,,28.9
2020-08-27 3:00,26.2,2.6,3.2,86,,10,,26.6
2020-08-27 4:00,26,0.6,2.6,88,,10,,26.5
2020-08-27 5:00,25.7,2.7,2,89,,10,,26.2
2020-08-27 6:00,26.3,,2.3,84,0,10,,26
2020-08-27 7:00,26.1,0.5,2.1,87,0,10,,26.4
2020-08-27 8:00,26.8,0,2.1,84,0,9,,27.4
2020-08-27 9:00,27.3,,1.5,81,0,10,,28.8
2020-08-27 10:00,28.8,,1.1,78,0.2,9,,32.3
2020-08-27 11:00,29.2,,0.7,73,0.7,8,,34.6
2020-08-27 12:00,29.9,,1.7,70,0.6,8,,35.2
2020-08-27 13:00,30.9,,1.1,69,0.2,9,,35.8
2020-08-27 14:00,31.6,,1.3,65,0.8,8,,39.2
2020-08-27 15:00,30.4,,1.5,70,0.5,9,,37.2
2020-08-27 16:00,29.9,,1.3,71,0.6,9,,35.8
2020-08-27 17:00,28.3,0.3,1.2,80,0.5,8,,33
2020-08-27 18:00,28.4,,1.2,78,0,8,,30.4
2020-08-27 19:00,28.5,,0.7,78,0.3,8,,29.3
2020-08-27 20:00,28.3,,1.1,77,0,9,,28.4
2020-08-27 21:00,27.7,0,1.3,81,,7,,27.9
2020-08-27 22:00,26.8,0.4,0.4,87,,8,,27.6
2020-08-27 23:00,27.1,,1.2,84,,9,,27.5
2020-08-28 0:00,27.5,,1.4,81,,10,,27.4
2020-08-28 1:00,27,,1.1,83,,9,,27
2020-08-28 2:00,26.9,,0.7,83,,8,,26.7
2020-08-28 3:00,26.6,,0.4,85,,10,,26.4
2020-08-28 4:00,25.6,,0.2,90,,9,,26.2
2020-08-28 5:00,25.1,,0.5,93,,10,,26
2020-08-28 6:00,25,0,0.7,93,0,8,,25.8
2020-08-28 7:00,25.8,,0.9,90,0,8,,26.8
2020-08-28 8:00,26.9,,0,85,0,9,,28.5
2020-08-28 9:00,28.2,,0.5,79,0,10,,30.6
2020-08-28 10:00,30.8,,0.9,69,0.3,9,,35.7
2020-08-28 11:00,29.7,,1,70,0.8,8,,37.1
2020-08-28 12:00,30.7,0.2,1.1,70,0.5,8,,37.9
2020-08-28 13:00,31.5,,2.4,67,0.6,8,,41.1
2020-08-28 14:00,30.7,,1.9,68,0.1,9,,39.6
2020-08-28 15:00,30.8,,1.2,68,0,9,,37.8
2020-08-28 16:00,31.2,0,1.6,65,0.4,9,,39.3
2020-08-28 17:00,30.7,,0.4,69,0,9,,35.3
2020-08-28 18:00,30,,0.9,72,0,8,,32.3
2020-08-28 19:00,29.3,0,0.9,76,0,8,,30.3
2020-08-28 20:00,29,,1.8,73,0,10,,29.4
2020-08-28 21:00,28.2,,0.7,78,,9,,28.8
2020-08-28 22:00,28,0,0.4,79,,9,,28.6
2020-08-28 23:00,25.9,0,0.7,89,,9,,27.9
2020-08-29 0:00,25.9,,0.5,92,,7,,27.6
2020-08-29 1:00,25.9,,0.6,92,,8,,27.5
2020-08-29 2:00,25.9,,0.2,91,,9,,27.3
2020-08-29 3:00,25.3,,0.4,93,,5,,26.7
2020-08-29 4:00,24.8,,0.4,95,,5,,26.2
2020-08-29 5:00,24.9,,0.8,94,,4,,26.1
2020-08-29 6:00,24.9,,0,94,0,4,,26.2
2020-08-29 7:00,25.8,,0.5,89,0.2,9,,27.1
2020-08-29 8:00,27.8,,0.3,78,0.8,8,,31
2020-08-29 9:00,28,,0.7,74,0.9,7,,34.3
2020-08-29 10:00,29.2,,1.6,68,0.8,8,,38.4
2020-08-29 11:00,30.6,,1,67,0.8,8,,41.2
2020-08-29 12:00,30.6,,0.9,66,0.4,7,,39.5
2020-08-29 13:00,31.1,,1.6,64,0.4,9,,41.4
2020-08-29 14:00,30.7,,2,61,0.8,8,,43.9
2020-08-29 15:00,30.8,,1.1,64,0.1,9,,40.5
2020-08-29 16:00,31,,1.4,63,0,9,,38.4
2020-08-29 17:00,30.5,,1.5,67,0.5,7,,37
2020-08-29 18:00,29.9,,0.9,68,0,7,,33.9
2020-08-29 19:00,29.2,,0.6,71,0,7,,31.9
2020-08-29 20:00,28,,0.8,79,,8,,30.7
2020-08-29 21:00,27.6,,0.5,82,,9,,30.1
2020-08-29 22:00,25.8,0.3,1.5,93,,10,,29
2020-08-29 23:00,25.6,1.9,0.4,96,,10,,28
2020-08-30 0:00,25.3,1.6,0.3,97,,9,,27.5
2020-08-30 1:00,25.2,,0.6,96,,9,,27.3
2020-08-30 2:00,25.2,0.9,0.6,96,,9,,26.9
2020-08-30 3:00,24.9,,0.2,96,,8,,26.4
2020-08-30 4:00,24.6,,0.2,96,,6,,26.3
2020-08-30 5:00,24.4,,0.4,97,,5,,26
2020-08-30 6:00,24.7,,0.4,96,0,5,,26.2
2020-08-30 7:00,25.4,,0.5,96,0.3,4,,26.7
2020-08-30 8:00,25.8,,0.1,92,0.1,4,,28.2
2020-08-30 9:00,26.7,,0.4,86,0,7,,30.5
2020-08-30 10:00,29.1,,0.5,77,0.5,8,,34.1
2020-08-30 11:00,30.2,,0.8,73,0.6,9,,35.5
2020-08-30 12:00,31.7,,1.5,66,0.7,7,,39.9
2020-08-30 13:00,32.2,,1.3,61,1,7,,41.8
2020-08-30 14:00,33.3,,1,56,0.7,8,,42.4
2020-08-30 15:00,31.1,0,0.7,68,0.6,8,,39.1
2020-08-30 16:00,31.6,,0.7,61,0.9,7,,38.4
2020-08-30 17:00,30.6,0,0.8,69,0.4,6,,36.1
2020-08-30 18:00,28.8,0,2.7,75,0,8,,32.1
2020-08-30 19:00,27.5,0,0.8,80,0,9,,30.1
2020-08-30 20:00,26.9,,0.7,84,,10,,28.9
2020-08-30 21:00,26.4,0,1.2,86,,10,,28.4
2020-08-30 22:00,25.8,0,0.7,90,,10,,27.8
2020-08-30 23:00,25.5,0.3,0.8,91,,10,,27.4
2020-08-31 0:00,25.5,,0.2,90,,8,,27.3
2020-08-31 1:00,25,0.1,0.9,92,,7,,27
2020-08-31 2:00,25,0,0.4,89,,8,,26.6
2020-08-31 3:00,24.5,,0.6,92,,9,,26.3
2020-08-31 4:00,24,,1,94,,8,,25.8
2020-08-31 5:00,24.4,0,0.2,93,,9,,25.9
2020-08-31 6:00,24.4,,0.2,90,0,9,,25.8
2020-08-31 7:00,24.4,,0.7,93,0,6,,26.1
2020-08-31 8:00,25,,0.6,89,0,9,,27
2020-08-31 9:00,25.2,,0.3,88,0,5,,27.3
2020-08-31 10:00,26,,1.4,81,0,9,,28.6
2020-08-31 11:00,26.7,,1,75,0,9,,30.7
2020-08-31 12:00,27,,1.8,73,0,10,,29.9
2020-08-31 13:00,27.2,,1.8,71,0,10,,29.7
2020-08-31 14:00,26,,0.8,78,0,8,,29.9
2020-08-31 15:00,26.9,,1.3,70,0,8,,30.1
2020-08-31 16:00,26.9,0,1,71,0,8,,29.3
2020-08-31 17:00,26.8,,1.3,71,0,4,,28.5
2020-08-31 18:00,25.9,,2.1,72,0,4,,27.5
2020-08-31 19:00,25.4,,1.8,73,0,1,,26.5
2020-08-31 20:00,24.9,,1.3,76,,5,,25.9
2020-08-31 21:00,24.5,,1.5,74,,6,,25.5
2020-08-31 22:00,24.4,,0.8,72,,3,,25.1
2020-08-31 23:00,24.3,,0.7,70,,5,,24.9
2020-09-01 0:00,23.5,,1,73,,0,,24
