date_time,temperature,precipitation,wind_speed,humidity,radiation,total_cloudiness,visibility,ground_temp
90000,20.93882214,0,0.3009818,96.91221961,0.109630144,10.01005482,1999.981606,24.87815466
90010,20.29480984,0,0.358722114,92.90733265,0.070290916,9.95443751,2000.023331,27.98254481
90020,20.25706412,0,0.407594237,98.44785722,0.116915723,9.974488232,1999.983233,26.39048974
90030,19.65265726,0,0.444139365,93.621594,0.094525009,9.950633805,1999.990252,26.32189082
90040,20.63562647,0,0.298696165,93.6186582,0.08854497,10.01761493,2000.05538,24.78445596
90050,20.52030817,0,0.423979069,95.24384867,0.030343828,10.02098713,1999.955339,24.98010261
90100,20.91010689,0,0.358844815,100.2621614,0.013272546,10.02100351,2000.08088,27.34742886
90110,19.87522213,0,0.284535504,93.70428334,0.024588857,10.07731784,1999.900849,25.2045149
90120,20.08259098,0,0.347203526,97.72941109,0.072336962,10.04364339,1999.926134,23.8576778
90130,20.84084587,0,0.456929333,93.41086664,0.091771461,9.938339206,1999.907479,26.94224037
90140,20.89641725,0,0.373132342,94.11303374,0.07594984,9.916534562,2000.043601,25.03424448
90150,20.34870461,0,0.34172962,94.30994925,0.088402825,9.926718308,2000.041296,26.5710709
90200,19.97204702,0,0.473923368,94.90493978,0.019968216,9.968880442,2000.050891,28.32338869
90210,20.90554851,0,0.324989166,95.89614584,0.023206865,9.905863998,1999.955421,23.64885783
90220,20.0318767,0,0.302767993,95.4038754,0.029969666,9.977888473,2000.002858,27.71366681
90230,20.86483674,0,0.403379575,97.05819216,0.055951949,9.970786985,1999.941074,28.40239327
90240,21.04615245,0,0.51685769,96.27716638,0.026820933,9.908030126,1999.989255,25.73172341
90250,19.52922071,0,0.472110377,99.73774366,0.070130286,9.933411693,1999.903522,25.97028358
90300,19.96134674,0,0.490540154,98.48118642,0.059737157,10.05750024,1999.972448,25.36855748
90310,19.8691335,0,0.28741983,98.20147666,0.021629462,9.945628586,1999.940589,28.79811522
90320,19.57330597,0,0.440863965,97.97517661,0.022250321,10.05119649,2000.060767,24.69199976
90330,20.67290979,0,0.504865781,93.20085959,-0.013760165,10.08292801,1999.925297,25.59065823
90340,20.40165658,0,0.437596569,99.16228429,0.089679322,10.07439796,2000.067659,25.30660683
90350,20.03792316,0,0.353262535,96.47280287,0.082332337,10.09923589,1999.936253,27.15666876
90400,19.87247578,0,0.504830237,93.32193552,0.113677087,10.04203424,1999.967388,27.44409146
90410,20.47239709,0,0.342534676,93.52645507,0.029106427,10.00079108,1999.987676,26.31070027
90420,20.48080012,0,0.463326029,91.44222841,0.034987175,10.05906831,1999.940254,26.3011216
90430,19.85829216,0,0.367990687,95.76860484,0.062375213,9.963382367,2000.07258,28.15166781
90440,19.58500884,0,0.36341918,93.74965727,0.055653715,10.01238312,1999.970945,25.04543669
90450,20.84819073,0,0.396263709,91.85091528,0.044664696,9.979853232,1999.986749,26.55455826
90500,20.67004882,0,0.406828621,94.44066913,0.001902491,10.04289081,2000.058267,24.80650989
90510,20.68861629,0,0.33074313,96.34279001,0.060518996,9.907705732,1999.938913,24.68216853
90520,19.91971352,0,0.486949393,97.05284814,0.053958242,9.973340208,2000.044863,24.25253137
90530,19.62483491,0,0.310105709,96.91735942,0.027039537,9.977413589,2000.094299,26.23440991
90540,20.11291125,0,0.452468551,93.33198656,0.001765856,10.09170874,2000.035071,25.57924677
90550,19.93751213,0,0.485318925,93.74569937,0.072159215,9.994719368,2000.005848,25.85849506
90600,19.9265785,0,0.490882647,96.20794644,0.06226239,9.940751913,2000.037833,24.95348304
90610,19.82627117,0,0.428579283,94.73624539,0.009397725,10.08191413,1999.911694,24.90395117
90620,20.51481446,0,0.521818792,94.5331313,0.063298347,10.01131049,2000.035262,25.36273673
90630,19.81995874,0,0.33019625,97.51062913,0.039495114,9.972025238,2000.093484,25.14106639
90640,20.26282782,0,0.409248923,94.84615577,0.054102334,9.926249403,2000.017544,24.29250338
90650,20.74374948,0,0.473137267,97.27765714,0.029223923,9.952537864,1999.900013,23.91208268
90700,20.1771174,0,0.445282255,97.15615812,0.018755416,10.00690234,1999.968498,25.39177204
90710,20.44958671,0,0.441536878,96.30767578,0.06166837,9.991972596,2000.030466,27.94077857
90720,20.75332297,0,0.490041677,92.88343398,0.021742614,9.965157209,2000.030281,28.599934
90730,20.26254577,0,0.378349154,98.71701957,-0.006580417,10.00065423,2000.056691,25.30351274
90740,20.15316413,0,0.346947146,94.51990708,0.101430045,9.906919613,2000.086556,26.12901967
90750,20.71812615,0,0.465118924,92.67353365,0.015766924,10.03954754,1999.924088,23.80974468
90800,20.03980828,0,0.282666817,93.77461517,0.061268756,10.09705066,1999.924308,25.79619756
90810,19.87884354,0,0.34314544,92.89654598,0.063836657,9.909407679,1999.934586,26.42008925
90820,20.92629188,0,0.336437936,93.57026993,0.048455028,10.05594651,1999.94188,27.54190361
90830,19.50489807,0,0.41528441,98.35696084,0.014514235,9.969165117,1999.98015,24.52661512
90840,21.10402773,0,0.45091882,96.06801773,0.047429135,10.01977294,2000.016753,26.31206755
90850,20.30155091,0,0.457098144,96.85331896,0.088329223,9.930607773,1999.94327,25.95820309
90900,20.12327503,0,0.424200965,94.50482534,0.03433361,10.06453787,1999.949898,27.25475323
90910,19.94106665,0,0.341894743,93.75110194,0.06631715,9.950801383,1999.999086,23.95059228
90920,20.43543988,0,0.466825668,96.11355415,0.038512899,10.00882648,1999.955887,24.73131604
90930,21.00152679,0,0.30762894,95.81927487,0.101705948,10.07805224,2000.091656,27.62025292
90940,20.58581058,0,0.442504611,97.72548576,0.101242949,10.09374179,1999.954153,25.72575902
90950,20.69378685,0,0.437055211,97.88533277,-0.005040309,9.92006614,1999.969524,25.46644014
91000,20.08308963,0,0.387360072,96.12182259,-0.007698019,10.08155958,2000.0979,26.5970942
91010,20.3405521,0,0.436042121,94.56472885,0.077665527,9.938290884,1999.946115,24.71271283
91020,20.79045386,0,0.385458949,98.02141687,0.080665402,10.03008586,2000.017108,26.57268102
91030,19.48453894,0,0.382599119,95.13087833,0.075295162,10.02515702,2000.043068,24.18996092
91040,19.67524989,0,0.318222035,93.42064585,0.066580818,10.08317842,1999.948643,25.92474636
91050,20.49590418,0,0.456088722,96.43521554,0.092396727,9.907726903,1999.92919,26.5013537
91100,21.09760852,0,0.395313376,92.9780077,0.013837839,10.0867843,1999.999118,24.14085758
91110,19.71131179,0,0.457807111,95.27268147,0.038547369,9.997523062,1999.997485,26.71378822
91120,20.05494589,0,0.402289903,97.48184984,0.009321098,9.979417435,2000.06216,24.88131072
91130,19.48753104,0,0.325109837,95.05946973,0.044828909,9.973218003,2000.059601,28.09915454
91140,19.99107401,0,0.442774831,92.97244566,0.046438081,9.984701728,2000.045829,24.41329559
91150,20.13676437,0,0.459846042,94.52263638,0.082997314,10.08602307,2000.019517,23.84967935
91200,20.18463432,0,0.32009171,94.16298942,0.016467843,10.04241749,1999.937212,28.47968316
91210,20.32798724,0,0.387851955,96.40969157,0.009220693,9.985742017,2000.045039,25.74306553
91220,21.04917747,0,0.452923801,95.16868536,0.062252174,9.908194198,2000.061887,24.80313676
91230,20.59736889,0,0.363241671,93.3859984,0.048404622,10.01093394,1999.903443,26.06965953
91240,20.09774978,0,0.327508082,95.51172643,0.060545915,9.977039996,1999.9602,25.60707596
91250,20.14091299,0,0.284459849,93.35514016,0.04113775,9.908442792,1999.940677,26.87631103
91300,20.30659381,0,0.279925986,92.96485914,0.028514229,10.07351619,1999.921808,25.74763202
91310,19.74824257,0,0.324085005,92.31639235,0.076384555,9.925552463,2000.079931,26.83519816
91320,20.95824271,0,0.376395845,93.03247052,0.056237321,9.968500033,1999.999905,26.10295051
91330,19.64610238,0,0.346896662,93.22941404,0.111905589,10.05989086,1999.967687,27.65334334
91340,20.19025776,0,0.500515743,92.89952646,0.050538291,9.919477649,1999.971216,24.77197293
91350,20.83034889,0,0.323620348,94.26164592,0.008286213,10.08637919,1999.923457,24.67476816
91400,20.67331814,0,0.464827535,91.81977242,0.039162615,10.05333407,1999.960271,27.52100402
91410,19.8008374,0,0.430118642,94.96002598,0.054311778,10.09172952,2000.085657,28.60217132
91420,20.02964555,0,0.491313218,95.13190372,0.07623954,10.06842308,2000.067059,26.71281944
91430,20.01674174,0,0.452833076,96.24867797,0.005348824,9.964572282,2000.076327,26.19429652
91440,20.1885914,0,0.502587385,97.14693618,0.042410496,9.982794089,1999.925273,24.65243235
91450,19.84049503,0,0.369404661,94.95831422,0.043263533,10.02813024,1999.900093,25.11888934
91500,20.78680883,0,0.44051739,96.14214646,0.00475681,10.09524269,2000.075922,27.50647346
91510,20.48782209,0,0.340681579,95.10225027,0.075384056,10.00001012,1999.976938,26.26694885
91520,20.54335674,0,0.312876917,97.60453306,0.031687621,10.05076885,2000.083978,25.53295459
91530,20.14967739,0,0.500135715,94.38488674,0.010575884,10.03777859,2000.069806,25.60148094
91540,20.80754932,0,0.402624033,94.62823127,0.035176293,10.08428464,1999.921777,27.94175128
91550,21.02173369,0,0.282248051,99.20840969,0.017792869,10.04856547,2000.02348,24.99426536
91600,21.07468304,0,0.327941178,99.26764525,0.042840801,10.09911016,1999.980342,24.08228699
91610,20.31999677,0,0.385512981,97.68052604,0.087960232,9.9333018,2000.057434,26.22574659
91620,19.86578282,0,0.44120146,95.57310162,0.063357192,10.07598074,2000.045965,28.03332521
91630,19.48284611,0,0.335482415,100.2738989,0.064879152,9.93761358,2000.071889,26.14511082
91640,20.67641889,0,0.370371266,96.87035632,0.078751013,10.03741475,2000.064631,27.74069915
91650,19.94765887,0,0.459574998,97.93077897,0.097728223,10.03919076,2000.010485,26.98652653
91700,20.4517432,0,0.42107789,95.72399394,0.087408094,10.09545396,1999.957706,27.53842994
91710,20.74352983,0,0.302715495,93.05130824,0.042861124,10.04326701,2000.001108,24.52152892
91720,19.7852225,0,0.457590945,96.76701248,0.088472859,10.06554635,2000.050684,24.36493214
91730,19.87585329,0,0.483876826,94.44311928,0.004954305,10.04559372,1999.93093,27.69592795
91740,20.11307833,0,0.397183372,96.09022096,0.00380451,10.09644647,2000.007182,25.77449405
91750,20.41611078,0,0.383031064,96.04355801,0.052997468,10.07066921,1999.924291,26.48719211
91800,20.41492906,0,0.362255971,99.4717563,0.004749355,9.921270697,1999.958058,26.39454533
91810,20.62782661,0,0.339266086,93.19734486,0.058075027,10.07305393,2000.049792,24.74406387
91820,20.39081583,0,0.338575405,96.58182524,0.027310622,10.01522687,1999.927264,27.71500818
91830,20.8577206,0,0.406552914,92.98287252,0.04035398,10.00178382,2000.045169,23.66257606
91840,20.4562544,0,0.38849474,96.00678624,0.066553487,10.01672256,1999.947872,26.9182946
91850,20.22099023,0,0.333240371,95.25700339,0.045651184,10.02220203,1999.923273,28.71175554
91900,20.29174155,0,0.332895305,94.15793246,0.065613814,9.903194767,1999.989462,25.39659903
91910,20.04975397,0,0.393624834,99.52740194,0.034666247,10.05494281,1999.961789,25.58864131
91920,20.24845796,0,0.385170062,97.60248734,0.018866463,9.913433175,2000.070316,26.09913361
91930,20.12176091,0,0.420204013,90.70949931,0.089933696,9.950390936,2000.082393,26.23212132
91940,21.18910072,0,0.290316487,97.20728836,0.013795778,10.09367834,2000.08275,24.35700204
91950,19.93575133,0,0.411931446,93.1340887,0.087214763,10.03753749,2000.070353,25.98029261
92000,20.7998679,0,0.406248346,93.18215933,0.076902113,10.08888643,2000.046919,26.67084502
92010,19.6978781,0,0.356056625,95.58631356,0.072523934,9.945809214,1999.948565,27.76341702
92020,20.30483998,0,0.459163814,96.31053735,0.109348005,9.950004121,1999.948664,27.3958178
92030,20.39630943,0,0.429150159,93.04403324,0.062662376,9.94517518,1999.973553,24.51029424
92040,20.0363041,0,0.42324834,98.07595709,0.044576924,10.09246134,1999.944877,27.18670645
92050,19.85741761,0,0.347710368,96.94312389,0.065243032,10.01579971,1999.937255,25.19634444
92100,20.3868582,0,0.493253582,93.34910159,0.020645629,9.925437281,2000.069633,23.94285818
92110,21.16541928,0,0.408411268,97.4138967,0.109096535,10.05541939,1999.948601,28.58162429
92120,20.59304426,0,0.323480779,97.0724998,0.021317376,9.936870393,1999.923422,24.19536809
92130,20.29171933,0,0.412774288,96.99895767,0.036937388,10.07181471,1999.986332,24.92491439
92140,20.1087152,0,0.29394428,96.64304898,0.042008299,10.02290031,2000.095471,26.78972846
92150,20.37751572,0,0.498197534,95.14928226,0.072073286,10.08399516,1999.930482,26.17974189
92200,19.89872337,0,0.420713538,98.66593012,0.059566026,10.0984434,1999.939542,25.73306239
92210,20.22490969,0,0.459120444,95.79451341,0.024323894,10.0373703,1999.961342,27.40774585
92220,20.37642556,0,0.439120239,92.52732116,0.074575964,10.09396514,2000.085382,23.43890333
92230,20.35722566,0,0.347192288,99.17132728,0.027948847,9.922367096,1999.994421,26.58783393
92240,20.69661673,0,0.399535916,99.04210798,0.020487507,10.05601408,1999.920423,26.20403392
92250,19.96718243,0,0.275765847,92.84843007,0.038061106,10.00645635,2000.041703,26.17178874
92300,20.53384388,0,0.343246335,98.63803638,0.003098505,10.0797783,2000.041186,23.60484899
92310,20.65615166,0,0.353418649,94.71868791,0.014746778,9.906181566,1999.918081,28.46520531
92320,20.47093786,0,0.362539376,94.743569,0.076311537,10.06251933,1999.945284,23.82295928
92330,19.78379717,0,0.319954141,92.92887254,0.066849457,10.01149961,2000.001937,26.78516382
92340,20.50108166,0,0.420443234,99.36840245,0.049410149,9.985032536,1999.929132,24.68700923
92350,20.07611068,0,0.513131951,95.28383252,0.014945219,10.09655171,1999.973828,27.41578124
92400,20.39751371,0,0.307865012,91.20171133,0.034812657,10.09866123,2000.086023,25.18259424
92410,19.70022498,0,0.37467908,94.13465607,0.078755164,10.00946836,1999.939726,24.91161249
92420,20.9174817,0,0.50187499,94.36658873,0.073344374,9.90065683,2000.089239,27.10685423
92430,20.35157274,0,0.464047287,91.67707104,0.06066615,9.989021066,2000.050687,24.71736744
92440,19.6376217,0,0.298332326,97.47344991,0.027798264,10.05400374,1999.902943,26.80051685
92450,20.27745923,0,0.33495767,97.98951393,0.041338606,10.06760354,1999.979185,25.53228507
92500,19.92911015,0,0.490081184,98.28713042,0.092944886,9.943176718,1999.92266,24.08328933
92510,19.92714215,0,0.362092378,93.5440728,0.080308893,10.04072236,1999.943412,27.27011672
92520,20.68282368,0,0.454875762,98.55957275,0.039617738,10.01511951,1999.949606,26.20466046
92530,20.52858404,0,0.370339565,93.08882171,0.044172111,9.952194794,2000.000532,26.849881
92540,19.94601401,0,0.444008769,93.383499,0.021280372,10.04196205,2000.082011,25.32464785
92550,20.65711382,0,0.509386962,94.91554152,0.037941971,9.998166935,1999.966794,26.54885071
92600,20.96243778,0,0.42423836,98.55346057,0.004589072,10.06361432,1999.904918,25.19749521
92610,19.83173415,0,0.428765695,95.5986755,0.105764489,9.931428685,2000.053001,24.5609332
92620,20.46929396,0,0.317438389,97.28055586,0.038787575,9.999229168,2000.054945,24.61121746
92630,20.9668093,0,0.44480111,94.08157568,0.029806666,10.02480875,2000.026258,25.61105556
92640,20.93853445,0,0.3950627,93.6124861,0.080095015,9.932314914,1999.948307,26.24735624
92650,20.27353814,0,0.327479135,98.57575663,-0.012312446,10.07250054,1999.940982,24.29497329
92700,20.69458363,0,0.411697423,96.23482176,0.022220398,10.06802939,1999.96192,23.50174239
92710,20.65647788,0,0.370078078,96.28007928,0.021005276,9.976803669,2000.058754,26.11133547
92720,20.38774773,0,0.371406338,92.94012421,-0.005773808,9.961256807,2000.051383,25.77721825
92730,19.79907846,0,0.307852525,93.50034815,-0.015142268,10.08685372,2000.096524,26.3092689
92740,19.87837703,0,0.347135322,95.00063513,0.030606572,10.01746977,1999.988884,23.897883
92750,19.86117721,0,0.296250518,94.74572543,0.07628485,10.08909474,1999.926129,25.53378727
92800,20.11391843,0,0.411025019,98.64273979,0.050846119,9.962216755,2000.019103,26.72861422
92810,20.83962206,0,0.420088961,93.56123428,0.047404182,10.00638468,1999.998167,23.90003081
92820,20.37560624,0,0.411604004,96.58660207,0.016649547,9.935767783,1999.932274,24.30703589
92830,20.29878643,0,0.404927856,93.51582363,0.083273921,10.02545323,2000.030885,27.33422216
92840,19.57347451,0,0.397155091,97.34698833,0.036292897,9.932412535,1999.940446,27.3934033
92850,20.25788618,0,0.442354486,99.29122656,0.069549456,10.08724034,1999.923549,24.50087397
92900,19.9893494,0,0.496786331,93.93075565,-0.009013968,9.93584763,1999.925973,24.82191621
92910,20.3710975,0,0.395645047,94.3996993,0.100036303,9.99710765,2000.064809,24.46884484
92920,20.72103436,0,0.310770548,94.07056761,0.111688817,10.06828195,1999.987631,27.08249584
92930,20.41091776,0,0.427468575,96.12194898,0.053709626,9.985509899,1999.966808,27.04147593
92940,20.59603925,0,0.452688913,93.61745356,0.022801066,9.955536449,1999.970155,24.90218783
92950,20.80370202,0,0.401446693,98.82371825,0.055962032,9.92422954,1999.929508,23.70329538
93000,19.95236319,0,0.462086349,99.85898111,0.015819069,9.949290407,2000.005703,24.93982406
93010,19.87499635,0,0.294817801,96.66965216,0.066161667,9.910226172,2000.015253,24.00470081
93020,20.15361349,0,0.437986661,92.20332908,0.009405542,9.986567568,1999.98788,23.96721784
93030,20.40421432,0,0.371919051,95.1780034,0.066093725,10.08224921,2000.037701,25.38821014
93040,20.25077958,0,0.426879165,94.45524013,0.114265318,10.0691407,2000.087581,25.30887286
93050,20.62205245,0,0.332650654,99.33153452,0.015169494,9.948796701,1999.997733,25.57753961
93100,20.18469903,0,0.333658004,94.78958978,0.056589004,10.0338577,1999.918616,24.35871468
93110,20.71296172,0,0.313604057,98.41661725,0.045836006,9.906193192,1999.932874,25.5136785
93120,20.71165307,0,0.384734697,96.3975823,0.051964557,10.05088121,1999.953712,27.38883588
93130,20.65437394,0,0.446510716,94.88162753,0.087397676,9.90254794,2000.055633,28.61052069
93140,20.10420725,0,0.299312581,97.05182785,0.04879313,10.04833616,2000.058626,27.3785586
93150,19.77511596,0,0.494616702,93.2778869,0.058784853,10.01514223,2000.055945,25.46111983
93200,20.81780948,0,0.323232513,97.54308571,0.010798258,9.976940246,2000.037702,26.79011062
93210,19.9565165,0,0.344345901,95.30093407,-0.014281277,10.0082958,1999.967327,27.6061011
93220,20.95804279,0,0.299291281,98.22131502,0.066001939,9.941586039,1999.934883,26.99123974
93230,20.34430318,0,0.375254637,95.34513375,0.045825923,10.04083013,2000.00972,27.32840957
93240,20.18811263,0,0.340360452,96.10226079,0.062443881,9.925053161,2000.020191,23.75276679
93250,20.19225585,0,0.45361432,93.89791283,0.065350331,10.04015835,2000.041047,26.28690724
93300,19.7842285,0,0.464020833,97.76669384,0.081550034,9.953320871,2000.031883,26.80166601
93310,20.52932564,0,0.45883861,91.59013661,0.048338243,9.977339576,1999.960386,25.14830238
93320,20.77670449,0,0.500367943,94.45084768,-0.010058174,9.971228943,1999.941755,27.4804127
93330,19.68033015,0,0.449732018,99.4642072,0.023992178,9.908533912,1999.993012,28.20380316
93340,20.59152999,0,0.369943533,94.56404575,0.047778986,10.07782117,1999.952806,23.3465076
93350,20.19640252,0,0.469462788,96.39695784,0.034279198,9.901150423,2000.038008,24.51543198
93400,19.45175984,0,0.422616967,97.41539658,0.065343033,9.957904394,1999.971087,25.68209398
93410,20.32391244,0,0.380388517,94.08428845,-0.001290528,10.07764232,2000.021038,25.67311675
93420,19.52081848,0,0.512619622,93.5050978,0.059723844,10.07629893,1999.983146,28.24253433
93430,20.75083568,0,0.311366889,95.69915631,0.080558088,9.935757647,1999.946395,22.98643767
93440,19.78962269,0,0.439555081,94.53480162,0.088661485,10.02351661,2000.081504,25.44829478
93450,21.23642476,0,0.451505802,96.43003106,0.101232269,9.987638529,2000.096349,24.94197861
93500,20.66765086,0,0.299905521,92.53251554,0.061721447,10.07310843,2000.042283,23.48010454
93510,20.62140718,0,0.396940826,99.7308871,0.042394308,10.06393102,1999.930535,24.90169495
93520,20.05335445,0,0.473214854,97.39063267,0.06466037,9.925525569,1999.943746,25.30575457
93530,20.76945578,0,0.508425631,97.22874447,0.072745524,9.95207909,1999.954177,24.34432149
93540,19.96612721,0,0.456864787,97.92123121,0.055805639,10.07638612,1999.974372,27.40738718
93550,20.63032969,0,0.376915055,97.90307006,0.027924322,9.902385074,2000.098899,28.67226252
93600,20.48703113,0,0.300096263,97.28519707,0.044638589,9.910417856,1999.940031,28.07548045
93610,20.44881164,0,0.423434832,93.17244007,0.067803595,10.02287433,1999.923428,27.44603817
93620,20.79001406,0,0.485558775,93.32384577,0.057472021,9.916329294,2000.048748,23.65604302
93630,20.03764932,0,0.33951471,94.05388901,0.002393146,9.964562421,2000.030301,24.46470012
93640,20.18942,0,0.371681128,95.22014905,0.086637459,9.977532338,1999.905318,26.36229492
93650,20.58726363,0,0.439740468,98.56276562,0.043621628,9.935201727,1999.913633,27.41452755
93700,20.02986211,0,0.368609888,94.57069487,0.063012972,9.996956254,1999.920957,24.37615769
93710,19.8310281,0,0.42189764,94.88742292,0.116736541,10.05694064,2000.083512,27.58124647
93720,20.81699869,0,0.417590764,93.88461189,0.090331259,10.06881709,1999.948897,25.41152529
93730,20.24768983,0,0.494512607,98.31953082,0.05720807,9.941074164,2000.093006,27.90535262
93740,19.96876634,0,0.309059218,96.72208851,0.058020749,9.986834345,2000.056737,25.08788949
93750,20.58630239,0,0.351984678,94.64877231,0.069507789,10.0926762,2000.089268,24.20488758
93800,20.75890043,0,0.379833669,91.90437386,0.072645473,10.02085447,1999.952622,23.63491607
93810,20.6958791,0,0.36184298,97.23740931,0.021577298,9.983462763,2000.074799,26.00387479
93820,20.74551465,0,0.31301507,94.35270935,0.020057869,10.09097713,2000.041901,27.53722515
93830,20.30466773,0,0.480143206,92.22711844,0.082616758,10.04649884,2000.013616,28.61676136
93840,20.68869531,0,0.338780568,92.65129977,0.022004412,10.00404733,2000.079865,23.93403037
93850,20.35822975,0,0.438660124,95.31541681,0.032957031,9.998481575,1999.953951,24.65665149
93900,20.83767371,0,0.436372006,99.68720741,0.022127191,10.04308801,2000.047299,23.1534939
93910,20.243884,0,0.473214089,99.79838512,0.028939417,10.09873222,2000.036131,25.51415094
93920,20.85322899,0,0.343629587,93.09807774,0.095110088,9.917435308,2000.042277,25.61306233
93930,19.64007964,0,0.415831993,94.89068899,0.050466903,9.960835844,1999.974888,27.05655529
93940,20.22582182,0,0.515885768,97.75683648,0.071547951,10.04420853,2000.082245,25.71958869
93950,20.12292418,0,0.414320272,98.26982989,0.065806397,10.02333169,2000.051881,27.53000397
94000,20.6210254,0,0.291536863,91.1810155,0.019877607,10.06347231,2000.089618,26.46484316
94010,20.25133167,0,0.321102435,91.31150156,0.02684838,10.00760535,1999.917991,25.6377687
94020,19.45968795,0,0.374835543,92.83391012,0.024691881,9.925380208,2000.033782,27.79070658
94030,20.25900238,0,0.399995896,98.2141532,0.094730984,10.09873596,1999.980865,25.34689255
94040,20.84005196,0,0.421860579,96.77733363,0.07585876,9.941794225,2000.05281,26.19253833
94050,19.81959687,0,0.386181185,93.88412233,0.054170585,9.922302989,2000.099389,24.69863797
94100,20.55030216,0,0.338968267,97.79620667,0.076972697,9.955056903,1999.941995,25.96538093
94110,20.19307095,0,0.441695537,96.19450747,0.098053478,9.962747089,1999.924721,25.63944414
94120,20.57138794,0,0.482001326,95.61143532,0.023321118,9.99831855,1999.910526,26.58880427
94130,19.82584562,0,0.40206299,96.67355859,0.061953934,10.08772605,1999.986517,25.47315147
94140,19.73224728,0,0.463611472,96.22335003,0.069417413,10.01501845,2000.078029,24.46515127
94150,19.81469394,0,0.406125287,94.6412932,0.098855668,10.01846886,1999.917402,27.425156
94200,20.17452778,0,0.334804319,92.8925928,0.094400696,10.05207194,2000.004354,28.14406505
94210,20.29194373,0,0.459213787,93.09683491,0.0884302,9.943985961,1999.968003,28.00902968
94220,19.96653098,0,0.353081138,97.72752123,0.077810861,9.970757133,1999.993758,25.95894832
94230,20.24204219,0,0.370044795,98.86212985,0.112103594,10.04454574,1999.921059,25.5436787
94240,20.74678175,0,0.421397136,95.40552944,0.058695006,9.958157307,2000.055364,24.46437404
94250,20.44207509,0,0.416130487,94.81029598,0.057759501,10.08170809,2000.047838,28.79914219
94300,20.33200861,0,0.387287554,97.7104037,0.044845397,10.06908787,1999.927479,29.05461746
94310,20.16555601,0,0.394097116,99.63467828,0.056760672,10.06668472,2000.052753,24.0084908
94320,20.60573117,0,0.436481872,93.29979576,0.026177593,10.09894481,2000.074831,25.18700528
94330,20.02203917,0,0.521023298,91.95150936,0.080445161,10.06427627,2000.019812,26.58379906
94340,20.71316523,0,0.41414547,95.24960165,0.092279124,9.989584388,1999.90573,23.69906838
94350,20.90251153,0,0.458772472,96.46620571,-0.011140437,10.07344743,1999.972611,28.15087658
94400,19.80385231,0,0.448518924,97.24756312,0.079645685,9.988435544,2000.042756,24.84487036
94410,20.42056734,0,0.288565391,95.14105154,-0.010174507,9.915825893,1999.920872,26.88868158
94420,20.07314278,0,0.527807434,93.84003055,0.074724731,10.0933117,1999.989523,24.89686361
94430,20.39679728,0,0.331601364,94.26093124,0.024079766,9.979659203,1999.906184,27.71763051
94440,20.61073553,0,0.384092976,97.81097766,0.042533908,10.09209774,2000.064824,27.29478954
94450,20.44930892,0,0.487372023,99.15830547,0.019663747,10.07773864,2000.056526,24.85640017
94500,20.05232055,0,0.292514019,94.90048905,0.05230205,9.927246314,1999.920351,23.09080234
94510,20.82116258,0,0.42572943,95.20205808,0.034049143,10.01711936,2000.026802,27.23868875
94520,20.86749992,0,0.359618053,96.2692466,0.098788442,10.07876611,2000.024315,27.27598607
94530,20.22556981,0,0.326289651,96.34397626,0.043542007,10.0728515,2000.005605,26.96142865
94540,20.30768401,0,0.426934724,100.0079396,0.067250318,10.05834254,2000.0489,27.90197859
94550,20.89759358,0,0.327195724,93.14680869,0.061592028,9.931025438,2000.00052,28.71544951
94600,19.87479364,0,0.431489564,97.60864088,0.006143498,10.00078909,2000.052575,27.4464965
94610,19.53034097,0,0.464372054,92.20298085,0.083757709,9.901848412,2000.097814,23.99207983
94620,19.97319768,0,0.377904742,97.01894559,0.050122428,10.08906489,2000.062239,27.90202043
94630,20.58469205,0,0.432094341,95.6027902,0.029368339,10.02780649,1999.946258,24.73610589
94640,19.73388229,0,0.390933635,98.69817291,0.037201147,10.05466189,2000.021306,26.41441126
94650,19.57206124,0,0.520738584,95.38402191,0.017195046,9.926933405,2000.016226,24.33869547
94700,19.63198308,0,0.434667186,93.58110293,0.070464718,9.960500714,2000.028545,24.86303488
94710,20.36450425,0,0.405150691,96.9843694,0.000594825,9.94793712,1999.988291,25.88571735
94720,19.49060289,0,0.33674108,94.79052574,0.066091164,10.07482116,1999.981509,27.15819066
94730,20.12720374,0,0.362252337,95.06965955,0.005220588,9.974602668,1999.92554,24.83724217
94740,20.26055856,0,0.463730523,93.80469804,0.02603682,10.05002563,1999.968545,26.83918054
94750,21.07371488,0,0.47000629,92.88163758,0.099782691,9.962317078,2000.05873,27.46776248
94800,20.42515211,0,0.32948642,97.62299834,0.042288214,9.983949721,1999.906927,27.42091854
94810,20.83809279,0,0.354478943,93.03356135,0.100296221,9.938287198,1999.94443,25.04916654
94820,19.74203872,0,0.40544697,93.78191751,-0.01303418,9.957798578,1999.940058,28.83129916
94830,20.64925312,0,0.441511201,95.66891692,0.038426405,9.951554343,1999.994635,24.86643121
94840,20.80241795,0,0.3295554,96.25954935,0.062051566,9.943549461,2000.086561,24.68489585
94850,19.98156913,0,0.498716937,98.2070537,0.073940367,9.994075506,2000.054168,24.69879507
94900,20.27440138,0,0.304200314,95.30748022,0.005471722,10.00471075,1999.943152,24.58715193
94910,21.10989168,0,0.472000834,92.62218846,0.094846047,9.909443031,2000.036487,27.61593937
94920,20.38709214,0,0.411441337,98.01290294,0.019601451,10.03689712,1999.972178,23.99833156
94930,20.53562209,0,0.491026744,92.53152797,0.014679608,10.03055291,1999.969891,26.27775811
94940,20.70539395,0,0.485571669,94.53851378,0.01202186,10.09463775,2000.073021,27.14532548
94950,20.49809817,0,0.40139484,99.40457166,0.02004284,10.06909665,2000.042577,27.11474457
95000,20.75313811,0,0.339127723,97.65444499,0.077344354,9.93126716,1999.944424,26.30409976
95010,20.21622326,0,0.491879819,94.53373024,0.084958232,10.0263259,1999.987535,26.8964074
95020,19.99335421,0,0.348695518,97.28666474,0.104868216,10.01562542,1999.936103,24.90768904
95030,20.43658025,0,0.381771252,94.4484971,0.066115294,10.01280575,1999.903204,25.07667378
95040,19.76166997,0,0.501533871,93.82691904,0.035540415,10.01042591,2000.023979,24.75246795
95050,19.73429287,0,0.506841328,91.80946676,0.027124707,10.08680314,1999.978363,25.53332207
95100,20.04976509,0,0.511512812,94.2647247,0.049544522,9.959386814,2000.029085,23.92566216
95110,19.43252316,0,0.357383613,95.7104986,0.03864579,9.987148183,1999.946044,27.21112633
95120,20.09544073,0,0.504286959,95.99746403,0.073560919,9.952753173,1999.942308,26.37311526
95130,20.03009086,0,0.344817745,92.70511981,0.09284729,9.904569424,2000.069633,23.62487317
95140,20.21500934,0,0.316503545,93.83463274,0.058642616,9.909602344,1999.912501,24.54836437
95150,20.08175154,0,0.294779724,91.59522572,0.051640652,9.965963152,1999.954904,25.13338678
95200,20.0207072,0,0.431719898,96.02628866,0.096894494,10.05388868,1999.975647,23.53832856
95210,20.58178012,0,0.406548651,97.58660086,0.025288731,9.906942931,2000.040229,23.2999818
95220,19.92758261,0,0.435232449,99.49401286,0.0611984,9.992888102,1999.920492,23.36760956
95230,20.49730472,0,0.437466256,93.49604111,0.079593993,9.975892369,1999.916796,27.82380797
95240,19.93671123,0,0.392515088,92.80420153,-0.007334514,9.981445653,1999.977874,23.97685519
95250,19.4913411,0,0.310864561,94.54203702,0.036116464,9.954424289,1999.908819,25.41869127
95300,20.41857006,0,0.387875427,94.42070074,0.046966672,10.04006534,2000.049772,28.12605875
95310,19.7869246,0,0.296737852,96.37821518,0.111765551,10.03413649,1999.964,25.82628262
95320,20.65232288,0,0.321335276,97.68787893,0.078881912,10.05592694,2000.050082,24.70867567
95330,19.89879826,0,0.333150552,92.8076818,0.014161276,9.999713057,1999.96612,28.37656836
95340,20.1140878,0,0.475434082,95.28644668,0.020267777,9.980892087,2000.081542,26.72028603
95350,19.94085909,0,0.345617749,99.05874789,-0.002321374,9.939809787,1999.910211,26.60600748
95400,19.42862834,0,0.440546624,93.33986199,-0.007323349,9.954607118,2000.049468,27.40677557
95410,20.40451864,0,0.484346878,93.38125124,0.059241728,10.00230847,1999.982449,25.34391944
95420,20.86367512,0,0.416546181,97.17637185,0.083599384,10.0233536,2000.026511,26.02168141
95430,20.36376958,0,0.388545442,92.01545312,0.042195157,9.913677501,1999.949923,27.97691908
95440,19.87406049,0,0.494453368,95.00643,0.056297758,9.952114467,2000.009524,24.97460992
95450,20.30472802,0,0.327109302,93.85479568,0.051642141,10.02617255,1999.923001,25.20892898
95500,21.09402681,0,0.415558671,95.55283136,0.036849997,9.960604187,2000.088223,28.44367457
95510,19.95162113,0,0.394907364,98.23981626,0.094457459,10.03087214,1999.957457,24.83532726
95520,20.26780328,0,0.339364965,94.18584314,0.059815124,10.06962988,1999.975241,27.51518477
95530,19.77832734,0,0.378641948,91.31873689,0.077313146,10.00514071,1999.921343,25.63890412
95540,20.25829685,0,0.381978447,92.52743374,0.044295863,10.08011974,1999.987761,25.24995789
95550,19.80512137,0,0.43472704,91.15642043,0.006443899,9.935000936,1999.972855,26.39692296
95600,20.26293439,0,0.435079925,96.05188325,0.046062582,10.07182113,1999.967073,24.51937746
95610,19.85224445,0,0.319593242,96.65615012,0.090104807,9.95959025,1999.960451,28.55844887
95620,20.77206669,0,0.478016471,96.3642258,0.007031711,10.09241205,1999.935462,24.94345971
95630,19.9507267,0,0.339255507,93.8322241,0.026566184,9.956734414,2000.089414,26.34895146
95640,20.98336435,0,0.468274388,94.61530175,0.071547628,9.966125199,1999.974162,25.19310497
95650,20.57260713,0,0.505466651,94.33420047,0.052431645,10.03803071,2000.074693,24.60559095
95700,19.71997103,0,0.303881022,99.25217118,0.093171145,9.905232555,1999.978089,24.84680897
95710,20.01104002,0,0.433895921,94.15616558,0.073194796,9.920641897,1999.97792,26.57176642
95720,19.53373602,0,0.480184689,92.05107838,0.058998641,9.951181516,2000.090294,26.67741381
95730,19.9203098,0,0.365681301,94.41546329,0.058634923,10.06922287,1999.916871,27.74229974
95740,20.44402811,0,0.369179543,94.45069191,0.043060239,10.07388033,2000.007423,27.55101979
95750,20.48091273,0,0.44234466,98.30178463,5.86E-06,10.0442355,1999.989009,27.27837173
95800,20.03914929,0,0.447054405,97.67734472,0.079238338,9.985670361,2000.069116,24.82974971
95810,20.59944782,0,0.353416298,91.73379312,0.084309479,9.945159255,1999.967962,25.08988912
95820,20.87483764,0,0.395591964,93.02863765,0.090769854,9.992256652,1999.960854,25.87785052
95830,20.75558202,0,0.416132247,96.79028154,0.043476475,10.04869073,1999.984054,24.2893312
95840,20.68728339,0,0.34828475,99.09146883,0.000633394,10.07206079,1999.971167,25.98504504
95850,20.68648283,0,0.423791924,92.8944642,0.072932196,9.969153719,2000.032069,25.0357757
95900,19.81968622,0,0.304643385,94.16396756,0.020883597,10.02804212,2000.091593,25.35816216
95910,19.54298061,0,0.403818683,92.98174606,0.019337135,9.900028885,1999.993163,23.19783014
95920,19.88062257,0,0.492465915,93.38109774,0.040412682,9.930506443,1999.906247,27.75258513
95930,20.27604591,0,0.387107352,92.97419521,0.012187412,9.953284994,2000.054798,26.96184747
95940,20.52009271,0,0.375380167,93.19815991,-0.014779984,10.02592942,2000.026368,25.95862402
95950,20.07258154,0,0.422768627,97.58512341,0.048697523,10.04647832,1999.953497,27.81688237
100000,22.49573267,0,0.666183611,85.44982759,0.0016531,9.917300946,1999.934541,28.89875629
